,代码,名称,日期
0,000001,平安银行,2025-12-18
1,000002,万  科Ａ,2025-12-18
2,000004,*ST国华,2025-12-18
3,000006,深振业Ａ,2025-12-18
4,000007,全新好,2025-12-18
5,000008,神州高铁,2025-12-18
6,000009,中国宝安,2025-12-18
7,000010,美丽生态,2025-12-18
8,000011,深物业A,2025-12-18
9,000012,南  玻Ａ,2025-12-18
10,000014,沙河股份,2025-12-18
11,000016,深康佳Ａ,2025-12-18
12,000017,深中华A,2025-12-18
13,000019,深粮控股,2025-12-18
14,000020,深华发Ａ,2025-12-18
15,000021,深科技,2025-12-18
16,000025,特  力Ａ,2025-12-18
17,000026,飞亚达,2025-12-18
18,000027,深圳能源,2025-12-18
19,000028,国药一致,2025-12-18
20,000029,深深房Ａ,2025-12-18
21,000030,富奥股份,2025-12-18
22,000031,大悦城,2025-12-18
23,000032,深桑达Ａ,2025-12-18
24,000034,神州数码,2025-12-18
25,000035,中国天楹,2025-12-18
26,000036,华联控股,2025-12-18
27,000037,深南电A,2025-12-18
28,000039,中集集团,2025-12-18
29,000042,中洲控股,2025-12-18
30,000045,深纺织Ａ,2025-12-18
31,000048,京基智农,2025-12-18
32,000049,德赛电池,2025-12-18
33,000050,深天马Ａ,2025-12-18
34,000055,方大集团,2025-12-18
35,000056,皇庭国际,2025-12-18
36,000058,深 赛 格,2025-12-18
37,000059,华锦股份,2025-12-18
38,000060,中金岭南,2025-12-18
39,000061,农 产 品,2025-12-18
40,000062,深圳华强,2025-12-18
41,000063,中兴通讯,2025-12-18
42,000065,北方国际,2025-12-18
43,000066,中国长城,2025-12-18
44,000068,华控赛格,2025-12-18
45,000069,华侨城Ａ,2025-12-18
46,000070,特发信息,2025-12-18
47,000078,海王生物,2025-12-18
48,000088,盐 田 港,2025-12-18
49,000089,深圳机场,2025-12-18
50,000090,天健集团,2025-12-18
51,000096,广聚能源,2025-12-18
52,000099,中信海直,2025-12-18
53,000100,TCL科技,2025-12-18
54,000151,中成股份,2025-12-18
55,000153,丰原药业,2025-12-18
56,000155,川能动力,2025-12-18
57,000156,华数传媒,2025-12-18
58,000157,中联重科,2025-12-18
59,000158,常山北明,2025-12-18
60,000159,国际实业,2025-12-18
61,000166,申万宏源,2025-12-18
62,000301,东方盛虹,2025-12-18
63,000333,美的集团,2025-12-18
64,000338,潍柴动力,2025-12-18
65,000400,许继电气,2025-12-18
66,000401,金隅冀东,2025-12-18
67,000402,金 融 街,2025-12-18
68,000403,派林生物,2025-12-18
69,000404,长虹华意,2025-12-18
70,000407,胜利股份,2025-12-18
71,000408,藏格矿业,2025-12-18
72,000409,云鼎科技,2025-12-18
73,000410,沈阳机床,2025-12-18
74,000411,英特集团,2025-12-18
75,000415,渤海租赁,2025-12-18
76,000417,合百集团,2025-12-18
77,000419,通程控股,2025-12-18
78,000420,吉林化纤,2025-12-18
79,000421,南京公用,2025-12-18
80,000422,湖北宜化,2025-12-18
81,000423,东阿阿胶,2025-12-18
82,000425,徐工机械,2025-12-18
83,000426,兴业银锡,2025-12-18
84,000428,华天酒店,2025-12-18
85,000429,粤高速Ａ,2025-12-18
86,000430,*ST张股,2025-12-18
87,000488,ST晨鸣,2025-12-18
88,000498,山东路桥,2025-12-18
89,000501,武商集团,2025-12-18
90,000503,国新健康,2025-12-18
91,000504,*ST生物,2025-12-18
92,000505,京粮控股,2025-12-18
93,000506,招金黄金,2025-12-18
94,000507,珠海港,2025-12-18
95,000509,华塑控股,2025-12-18
96,000510,新金路,2025-12-18
97,000513,丽珠集团,2025-12-18
98,000514,渝 开 发,2025-12-18
99,000516,国际医学,2025-12-18
100,000517,荣安地产,2025-12-18
101,000518,*ST四环,2025-12-18
102,000519,中兵红箭,2025-12-18
103,000520,凤凰航运,2025-12-18
104,000521,长虹美菱,2025-12-18
105,000523,红棉股份,2025-12-18
106,000524,岭南控股,2025-12-18
107,000525,红太阳,2025-12-18
108,000526,学大教育,2025-12-18
109,000528,柳    工,2025-12-18
110,000529,广弘控股,2025-12-18
111,000530,冰山冷热,2025-12-18
112,000531,穗恒运Ａ,2025-12-18
113,000532,华金资本,2025-12-18
114,000533,顺钠股份,2025-12-18
115,000534,万泽股份,2025-12-18
116,000536,华映科技,2025-12-18
117,000537,中绿电,2025-12-18
118,000538,云南白药,2025-12-18
119,000539,粤电力Ａ,2025-12-18
120,000541,佛山照明,2025-12-18
121,000543,皖能电力,2025-12-18
122,000544,中原环保,2025-12-18
123,000545,金浦钛业,2025-12-18
124,000546,金圆股份,2025-12-18
125,000547,航天发展,2025-12-18
126,000548,湖南投资,2025-12-18
127,000550,江铃汽车,2025-12-18
128,000551,创元科技,2025-12-18
129,000552,甘肃能化,2025-12-18
130,000553,安道麦A,2025-12-18
131,000554,泰山石油,2025-12-18
132,000555,神州信息,2025-12-18
133,000557,西部创业,2025-12-18
134,000558,天府文旅,2025-12-18
135,000559,万向钱潮,2025-12-18
136,000560,我爱我家,2025-12-18
137,000561,烽火电子,2025-12-18
138,000563,陕国投Ａ,2025-12-18
139,000564,供销大集,2025-12-18
140,000565,渝三峡Ａ,2025-12-18
141,000566,海南海药,2025-12-18
142,000567,海德股份,2025-12-18
143,000568,泸州老窖,2025-12-18
144,000570,苏常柴Ａ,2025-12-18
145,000571,新大洲A,2025-12-18
146,000572,海马汽车,2025-12-18
147,000573,粤宏远Ａ,2025-12-18
148,000576,甘化科工,2025-12-18
149,000581,威孚高科,2025-12-18
150,000582,北部湾港,2025-12-18
151,000586,汇源通信,2025-12-18
152,000589,贵州轮胎,2025-12-18
153,000590,启迪药业,2025-12-18
154,000591,太阳能,2025-12-18
155,000592,平潭发展,2025-12-18
156,000593,德龙汇能,2025-12-18
157,000595,*ST宝实,2025-12-18
158,000596,古井贡酒,2025-12-18
159,000597,东北制药,2025-12-18
160,000598,兴蓉环境,2025-12-18
161,000599,青岛双星,2025-12-18
162,000600,建投能源,2025-12-18
163,000601,韶能股份,2025-12-18
164,000603,盛达资源,2025-12-18
165,000605,渤海股份,2025-12-18
166,000607,华媒控股,2025-12-18
167,000608,*ST阳光,2025-12-18
168,000609,ST中迪,2025-12-18
169,000610,西安旅游,2025-12-18
170,000612,焦作万方,2025-12-18
171,000615,*ST美谷,2025-12-18
172,000617,中油资本,2025-12-18
173,000619,海螺新材,2025-12-18
174,000620,盈新发展,2025-12-18
175,000623,吉林敖东,2025-12-18
176,000625,长安汽车,2025-12-18
177,000626,远大控股,2025-12-18
178,000628,高新发展,2025-12-18
179,000629,钒钛股份,2025-12-18
180,000630,铜陵有色,2025-12-18
181,000631,顺发恒能,2025-12-18
182,000632,三木集团,2025-12-18
183,000633,合金投资,2025-12-18
184,000635,英 力 特,2025-12-18
185,000636,风华高科,2025-12-18
186,000637,茂化实华,2025-12-18
187,000638,*ST万方,2025-12-18
188,000639,西王食品,2025-12-18
189,000650,仁和药业,2025-12-18
190,000651,格力电器,2025-12-18
191,000652,泰达股份,2025-12-18
192,000655,金岭矿业,2025-12-18
193,000656,*ST金科,2025-12-18
194,000657,中钨高新,2025-12-18
195,000659,珠海中富,2025-12-18
196,000661,长春高新,2025-12-18
197,000663,永安林业,2025-12-18
198,000665,湖北广电,2025-12-18
199,000668,*ST荣控,2025-12-18
200,000669,ST金鸿,2025-12-18
201,000670,盈方微,2025-12-18
202,000672,上峰水泥,2025-12-18
203,000676,智度股份,2025-12-18
204,000677,恒天海龙,2025-12-18
205,000678,襄阳轴承,2025-12-18
206,000679,大连友谊,2025-12-18
207,000680,山推股份,2025-12-18
208,000681,视觉中国,2025-12-18
209,000682,东方电子,2025-12-18
210,000683,博源化工,2025-12-18
211,000685,中山公用,2025-12-18
212,000686,东北证券,2025-12-18
213,000688,国城矿业,2025-12-18
214,000690,宝新能源,2025-12-18
215,000691,*ST亚太,2025-12-18
216,000692,惠天热电,2025-12-18
217,000695,滨海能源,2025-12-18
218,000697,*ST炼石,2025-12-18
219,000698,ST沈化,2025-12-18
220,000700,模塑科技,2025-12-18
221,000701,厦门信达,2025-12-18
222,000702,正虹科技,2025-12-18
223,000703,恒逸石化,2025-12-18
224,000705,浙江震元,2025-12-18
225,000707,双环科技,2025-12-18
226,000708,中信特钢,2025-12-18
227,000709,河钢股份,2025-12-18
228,000710,贝瑞基因,2025-12-18
229,000711,ST京蓝,2025-12-18
230,000712,锦龙股份,2025-12-18
231,000713,国投丰乐,2025-12-18
232,000715,中兴商业,2025-12-18
233,000716,黑芝麻,2025-12-18
234,000717,中南股份,2025-12-18
235,000718,苏宁环球,2025-12-18
236,000719,中原传媒,2025-12-18
237,000720,新能泰山,2025-12-18
238,000721,西安饮食,2025-12-18
239,000722,湖南发展,2025-12-18
240,000723,美锦能源,2025-12-18
241,000725,京东方Ａ,2025-12-18
242,000726,鲁  泰Ａ,2025-12-18
243,000727,冠捷科技,2025-12-18
244,000728,国元证券,2025-12-18
245,000729,燕京啤酒,2025-12-18
246,000731,四川美丰,2025-12-18
247,000733,振华科技,2025-12-18
248,000735,罗 牛 山,2025-12-18
249,000736,*ST中地,2025-12-18
250,000737,北方铜业,2025-12-18
251,000738,航发控制,2025-12-18
252,000739,普洛药业,2025-12-18
253,000750,国海证券,2025-12-18
254,000751,锌业股份,2025-12-18
255,000752,ST西发,2025-12-18
256,000753,漳州发展,2025-12-18
257,000755,山西高速,2025-12-18
258,000756,新华制药,2025-12-18
259,000757,浩物股份,2025-12-18
260,000758,中色股份,2025-12-18
261,000759,中百集团,2025-12-18
262,000761,本钢板材,2025-12-18
263,000762,西藏矿业,2025-12-18
264,000766,通化金马,2025-12-18
265,000767,晋控电力,2025-12-18
266,000768,中航西飞,2025-12-18
267,000776,广发证券,2025-12-18
268,000777,中核科技,2025-12-18
269,000778,新兴铸管,2025-12-18
270,000779,甘咨询,2025-12-18
271,000782,恒申新材,2025-12-18
272,000783,长江证券,2025-12-18
273,000785,居然智家,2025-12-18
274,000786,北新建材,2025-12-18
275,000788,北大医药,2025-12-18
276,000789,万年青,2025-12-18
277,000790,华神科技,2025-12-18
278,000791,甘肃能源,2025-12-18
279,000792,盐湖股份,2025-12-18
280,000793,ST华闻,2025-12-18
281,000795,英洛华,2025-12-18
282,000796,凯撒旅业,2025-12-18
283,000797,中国武夷,2025-12-18
284,000798,中水渔业,2025-12-18
285,000799,酒鬼酒,2025-12-18
286,000800,一汽解放,2025-12-18
287,000801,四川九洲,2025-12-18
288,000802,北京文化,2025-12-18
289,000803,山高环能,2025-12-18
290,000807,云铝股份,2025-12-18
291,000809,和展能源,2025-12-18
292,000810,创维数字,2025-12-18
293,000811,冰轮环境,2025-12-18
294,000812,陕西金叶,2025-12-18
295,000813,德展健康,2025-12-18
296,000815,美利云,2025-12-18
297,000816,智慧农业,2025-12-18
298,000818,航锦科技,2025-12-18
299,000819,岳阳兴长,2025-12-18
300,000820,*ST节能,2025-12-18
301,000821,京山轻机,2025-12-18
302,000822,山东海化,2025-12-18
303,000823,超声电子,2025-12-18
304,000825,太钢不锈,2025-12-18
305,000826,启迪环境,2025-12-18
306,000828,东莞控股,2025-12-18
307,000829,天音控股,2025-12-18
308,000830,鲁西化工,2025-12-18
309,000831,中国稀土,2025-12-18
310,000833,粤桂股份,2025-12-18
311,000837,秦川机床,2025-12-18
312,000838,财信发展,2025-12-18
313,000839,国安股份,2025-12-18
314,000848,承德露露,2025-12-18
315,000850,华茂股份,2025-12-18
316,000852,石化机械,2025-12-18
317,000856,冀东装备,2025-12-18
318,000858,五 粮 液,2025-12-18
319,000859,国风新材,2025-12-18
320,000860,顺鑫农业,2025-12-18
321,000862,银星能源,2025-12-18
322,000863,三湘印象,2025-12-18
323,000868,安凯客车,2025-12-18
324,000869,张  裕Ａ,2025-12-18
325,000875,吉电股份,2025-12-18
326,000876,新 希 望,2025-12-18
327,000877,天山股份,2025-12-18
328,000878,云南铜业,2025-12-18
329,000880,潍柴重机,2025-12-18
330,000881,中广核技,2025-12-18
331,000882,华联股份,2025-12-18
332,000883,湖北能源,2025-12-18
333,000885,城发环境,2025-12-18
334,000886,海南高速,2025-12-18
335,000887,中鼎股份,2025-12-18
336,000888,峨眉山Ａ,2025-12-18
337,000889,中嘉博创,2025-12-18
338,000890,法尔胜,2025-12-18
339,000892,欢瑞世纪,2025-12-18
340,000893,亚钾国际,2025-12-18
341,000895,双汇发展,2025-12-18
342,000897,津滨发展,2025-12-18
343,000898,鞍钢股份,2025-12-18
344,000899,赣能股份,2025-12-18
345,000900,现代投资,2025-12-18
346,000901,航天科技,2025-12-18
347,000902,新洋丰,2025-12-18
348,000903,ST云动,2025-12-18
349,000905,厦门港务,2025-12-18
350,000906,浙商中拓,2025-12-18
351,000908,*ST景峰,2025-12-18
352,000909,ST数源,2025-12-18
353,000910,大亚圣象,2025-12-18
354,000911,广农糖业,2025-12-18
355,000912,泸天化,2025-12-18
356,000913,钱江摩托,2025-12-18
357,000915,华特达因,2025-12-18
358,000917,电广传媒,2025-12-18
359,000919,金陵药业,2025-12-18
360,000920,沃顿科技,2025-12-18
361,000921,海信家电,2025-12-18
362,000922,佳电股份,2025-12-18
363,000923,河钢资源,2025-12-18
364,000925,众合科技,2025-12-18
365,000926,福星股份,2025-12-18
366,000927,中国铁物,2025-12-18
367,000928,中钢国际,2025-12-18
368,000929,*ST兰黄,2025-12-18
369,000930,中粮科技,2025-12-18
370,000931,中 关 村,2025-12-18
371,000932,华菱钢铁,2025-12-18
372,000933,神火股份,2025-12-18
373,000935,四川双马,2025-12-18
374,000936,华西股份,2025-12-18
375,000937,冀中能源,2025-12-18
376,000938,紫光股份,2025-12-18
377,000948,南天信息,2025-12-18
378,000949,新乡化纤,2025-12-18
379,000950,重药控股,2025-12-18
380,000951,中国重汽,2025-12-18
381,000952,广济药业,2025-12-18
382,000953,河化股份,2025-12-18
383,000955,欣龙控股,2025-12-18
384,000957,中通客车,2025-12-18
385,000958,电投产融,2025-12-18
386,000959,首钢股份,2025-12-18
387,000960,锡业股份,2025-12-18
388,000962,东方钽业,2025-12-18
389,000963,华东医药,2025-12-18
390,000965,天保基建,2025-12-18
391,000966,长源电力,2025-12-18
392,000967,盈峰环境,2025-12-18
393,000968,蓝焰控股,2025-12-18
394,000969,安泰科技,2025-12-18
395,000970,中科三环,2025-12-18
396,000972,*ST中基,2025-12-18
397,000973,佛塑科技,2025-12-18
398,000975,山金国际,2025-12-18
399,000977,浪潮信息,2025-12-18
400,000978,桂林旅游,2025-12-18
401,000980,众泰汽车,2025-12-18
402,000981,山子高科,2025-12-18
403,000983,山西焦煤,2025-12-18
404,000985,大庆华科,2025-12-18
405,000987,越秀资本,2025-12-18
406,000988,华工科技,2025-12-18
407,000989,九芝堂,2025-12-18
408,000990,诚志股份,2025-12-18
409,000993,闽东电力,2025-12-18
410,000995,皇台酒业,2025-12-18
411,000997,新 大 陆,2025-12-18
412,000998,隆平高科,2025-12-18
413,000999,华润三九,2025-12-18
414,001201,东瑞股份,2025-12-18
415,001202,炬申股份,2025-12-18
416,001203,大中矿业,2025-12-18
417,001205,盛航股份,2025-12-18
418,001206,依依股份,2025-12-18
419,001207,联科科技,2025-12-18
420,001208,华菱线缆,2025-12-18
421,001209,洪兴股份,2025-12-18
422,001210,金房能源,2025-12-18
423,001211,双枪科技,2025-12-18
424,001212,中旗新材,2025-12-18
425,001213,中铁特货,2025-12-18
426,001215,千味央厨,2025-12-18
427,001216,华瓷股份,2025-12-18
428,001217,华尔泰,2025-12-18
429,001218,丽臣实业,2025-12-18
430,001219,青岛食品,2025-12-18
431,001221,悍高集团,2025-12-18
432,001222,源飞宠物,2025-12-18
433,001223,欧克科技,2025-12-18
434,001225,和泰机电,2025-12-18
435,001226,拓山重工,2025-12-18
436,001227,兰州银行,2025-12-18
437,001228,永泰运,2025-12-18
438,001229,魅视科技,2025-12-18
439,001230,劲旅环境,2025-12-18
440,001231,农心科技,2025-12-18
441,001233,海安集团,2025-12-18
442,001234,泰慕士,2025-12-18
443,001236,弘业期货,2025-12-18
444,001238,浙江正特,2025-12-18
445,001239,永达股份,2025-12-18
446,001255,博菲电气,2025-12-18
447,001256,炜冈科技,2025-12-18
448,001258,立新能源,2025-12-18
449,001259,利仁科技,2025-12-18
450,001260,坤泰股份,2025-12-18
451,001266,宏英智能,2025-12-18
452,001267,汇绿生态,2025-12-18
453,001268,联合精密,2025-12-18
454,001269,欧晶科技,2025-12-18
455,001270,*ST铖昌,2025-12-18
456,001277,速达股份,2025-12-18
457,001278,一彬科技,2025-12-18
458,001279,强邦新材,2025-12-18
459,001280,中国铀业,2025-12-18
460,001282,三联锻造,2025-12-18
461,001283,豪鹏科技,2025-12-18
462,001285,瑞立科密,2025-12-18
463,001286,陕西能源,2025-12-18
464,001287,中电港,2025-12-18
465,001288,运机集团,2025-12-18
466,001289,龙源电力,2025-12-18
467,001296,长江材料,2025-12-18
468,001298,好上好,2025-12-18
469,001299,美能能源,2025-12-18
470,001300,三柏硕,2025-12-18
471,001301,尚太科技,2025-12-18
472,001306,夏厦精密,2025-12-18
473,001308,康冠科技,2025-12-18
474,001309,德明利,2025-12-18
475,001311,多利科技,2025-12-18
476,001313,粤海饲料,2025-12-18
477,001314,亿道信息,2025-12-18
478,001316,润贝航科,2025-12-18
479,001317,三羊马,2025-12-18
480,001318,阳光乳业,2025-12-18
481,001319,铭科精技,2025-12-18
482,001322,箭牌家居,2025-12-18
483,001323,慕思股份,2025-12-18
484,001324,长青科技,2025-12-18
485,001326,联域股份,2025-12-18
486,001328,登康口腔,2025-12-18
487,001330,博纳影业,2025-12-18
488,001331,胜通能源,2025-12-18
489,001332,锡装股份,2025-12-18
490,001333,光华股份,2025-12-18
491,001335,信凯科技,2025-12-18
492,001336,楚环科技,2025-12-18
493,001337,四川黄金,2025-12-18
494,001338,永顺泰,2025-12-18
495,001339,智微智能,2025-12-18
496,001356,富岭股份,2025-12-18
497,001358,兴欣新材,2025-12-18
498,001359,平安电工,2025-12-18
499,001360,南矿集团,2025-12-18
500,001366,播恩集团,2025-12-18
501,001367,海森药业,2025-12-18
502,001368,通达创智,2025-12-18
503,001373,翔腾新材,2025-12-18
504,001376,百通能源,2025-12-18
505,001378,德冠新材,2025-12-18
506,001379,腾达科技,2025-12-18
507,001380,华纬科技,2025-12-18
508,001382,新亚电缆,2025-12-18
509,001386,马可波罗,2025-12-18
510,001387,雪祺电气,2025-12-18
511,001388,信通电子,2025-12-18
512,001389,广合科技,2025-12-18
513,001390,古麒绒材,2025-12-18
514,001391,国货航,2025-12-18
515,001395,亚联机械,2025-12-18
516,001400,江顺科技,2025-12-18
517,001696,宗申动力,2025-12-18
518,001872,招商港口,2025-12-18
519,001896,豫能控股,2025-12-18
520,001914,招商积余,2025-12-18
521,001965,招商公路,2025-12-18
522,001979,招商蛇口,2025-12-18
523,002001,新 和 成,2025-12-18
524,002003,伟星股份,2025-12-18
525,002004,华邦健康,2025-12-18
526,002005,ST德豪,2025-12-18
527,002006,精工科技,2025-12-18
528,002007,华兰生物,2025-12-18
529,002008,大族激光,2025-12-18
530,002009,天奇股份,2025-12-18
531,002010,传化智联,2025-12-18
532,002011,盾安环境,2025-12-18
533,002012,凯恩股份,2025-12-18
534,002014,永新股份,2025-12-18
535,002015,协鑫能科,2025-12-18
536,002016,世荣兆业,2025-12-18
537,002017,东信和平,2025-12-18
538,002019,亿帆医药,2025-12-18
539,002020,京新药业,2025-12-18
540,002021,中捷资源,2025-12-18
541,002022,科华生物,2025-12-18
542,002023,海特高新,2025-12-18
543,002024,ST易购,2025-12-18
544,002025,航天电器,2025-12-18
545,002026,山东威达,2025-12-18
546,002027,分众传媒,2025-12-18
547,002028,思源电气,2025-12-18
548,002029,七 匹 狼,2025-12-18
549,002030,达安基因,2025-12-18
550,002031,巨轮智能,2025-12-18
551,002032,苏 泊 尔,2025-12-18
552,002033,丽江股份,2025-12-18
553,002034,旺能环境,2025-12-18
554,002035,华帝股份,2025-12-18
555,002036,联创电子,2025-12-18
556,002037,保利联合,2025-12-18
557,002038,双鹭药业,2025-12-18
558,002039,黔源电力,2025-12-18
559,002040,南 京 港,2025-12-18
560,002041,登海种业,2025-12-18
561,002042,华孚时尚,2025-12-18
562,002043,兔 宝 宝,2025-12-18
563,002044,美年健康,2025-12-18
564,002045,国光电器,2025-12-18
565,002046,国机精工,2025-12-18
566,002047,*ST宝鹰,2025-12-18
567,002048,宁波华翔,2025-12-18
568,002049,紫光国微,2025-12-18
569,002050,三花智控,2025-12-18
570,002051,中工国际,2025-12-18
571,002052,同洲电子,2025-12-18
572,002053,云南能投,2025-12-18
573,002054,德美化工,2025-12-18
574,002055,得润电子,2025-12-18
575,002056,横店东磁,2025-12-18
576,002057,中钢天源,2025-12-18
577,002058,*ST威尔,2025-12-18
578,002059,云南旅游,2025-12-18
579,002060,广东建工,2025-12-18
580,002061,浙江交科,2025-12-18
581,002062,宏润建设,2025-12-18
582,002063,远光软件,2025-12-18
583,002064,华峰化学,2025-12-18
584,002065,东华软件,2025-12-18
585,002066,瑞泰科技,2025-12-18
586,002067,景兴纸业,2025-12-18
587,002068,黑猫股份,2025-12-18
588,002069,獐子岛,2025-12-18
589,002072,凯瑞德,2025-12-18
590,002073,软控股份,2025-12-18
591,002074,国轩高科,2025-12-18
592,002075,沙钢股份,2025-12-18
593,002076,*ST星光,2025-12-18
594,002077,大港股份,2025-12-18
595,002078,太阳纸业,2025-12-18
596,002079,苏州固锝,2025-12-18
597,002080,中材科技,2025-12-18
598,002081,金 螳 螂,2025-12-18
599,002082,万邦德,2025-12-18
600,002083,孚日股份,2025-12-18
601,002084,海鸥住工,2025-12-18
602,002085,万丰奥威,2025-12-18
603,002086,东方海洋,2025-12-18
604,002088,鲁阳节能,2025-12-18
605,002090,金智科技,2025-12-18
606,002091,江苏国泰,2025-12-18
607,002092,中泰化学,2025-12-18
608,002093,国脉科技,2025-12-18
609,002094,青岛金王,2025-12-18
610,002095,生 意 宝,2025-12-18
611,002096,易普力,2025-12-18
612,002097,山河智能,2025-12-18
613,002098,浔兴股份,2025-12-18
614,002099,海翔药业,2025-12-18
615,002100,天康生物,2025-12-18
616,002101,广东鸿图,2025-12-18
617,002102,能特科技,2025-12-18
618,002103,广博股份,2025-12-18
619,002104,恒宝股份,2025-12-18
620,002105,信隆健康,2025-12-18
621,002106,莱宝高科,2025-12-18
622,002107,沃华医药,2025-12-18
623,002108,沧州明珠,2025-12-18
624,002109,兴化股份,2025-12-18
625,002110,三钢闽光,2025-12-18
626,002111,威海广泰,2025-12-18
627,002112,三变科技,2025-12-18
628,002114,罗平锌电,2025-12-18
629,002115,三维通信,2025-12-18
630,002116,中国海诚,2025-12-18
631,002117,东港股份,2025-12-18
632,002119,康强电子,2025-12-18
633,002120,韵达股份,2025-12-18
634,002121,科陆电子,2025-12-18
635,002122,ST汇洲,2025-12-18
636,002123,梦网科技,2025-12-18
637,002124,天邦食品,2025-12-18
638,002125,湘潭电化,2025-12-18
639,002126,银轮股份,2025-12-18
640,002127,南极电商,2025-12-18
641,002128,电投能源,2025-12-18
642,002129,TCL中环,2025-12-18
643,002130,沃尔核材,2025-12-18
644,002131,利欧股份,2025-12-18
645,002132,恒星科技,2025-12-18
646,002133,广宇集团,2025-12-18
647,002134,天津普林,2025-12-18
648,002135,东南网架,2025-12-18
649,002136,安 纳 达,2025-12-18
650,002137,实益达,2025-12-18
651,002138,顺络电子,2025-12-18
652,002139,拓邦股份,2025-12-18
653,002140,东华科技,2025-12-18
654,002141,贤丰控股,2025-12-18
655,002142,宁波银行,2025-12-18
656,002144,宏达高科,2025-12-18
657,002145,钛能化学,2025-12-18
658,002146,荣盛发展,2025-12-18
659,002148,北纬科技,2025-12-18
660,002149,西部材料,2025-12-18
661,002150,通润装备,2025-12-18
662,002151,北斗星通,2025-12-18
663,002152,广电运通,2025-12-18
664,002153,石基信息,2025-12-18
665,002154,报 喜 鸟,2025-12-18
666,002155,湖南黄金,2025-12-18
667,002156,通富微电,2025-12-18
668,002157,正邦科技,2025-12-18
669,002158,汉钟精机,2025-12-18
670,002159,三特索道,2025-12-18
671,002160,常铝股份,2025-12-18
672,002161,远 望 谷,2025-12-18
673,002162,悦心健康,2025-12-18
674,002163,海南发展,2025-12-18
675,002164,宁波东力,2025-12-18
676,002165,红 宝 丽,2025-12-18
677,002166,莱茵生物,2025-12-18
678,002167,东方锆业,2025-12-18
679,002168,*ST惠程,2025-12-18
680,002169,智光电气,2025-12-18
681,002170,芭田股份,2025-12-18
682,002171,楚江新材,2025-12-18
683,002172,澳洋健康,2025-12-18
684,002173,创新医疗,2025-12-18
685,002174,游族网络,2025-12-18
686,002175,东方智造,2025-12-18
687,002176,江特电机,2025-12-18
688,002177,御银股份,2025-12-18
689,002178,延华智能,2025-12-18
690,002179,中航光电,2025-12-18
691,002180,纳思达,2025-12-18
692,002181,粤 传 媒,2025-12-18
693,002182,宝武镁业,2025-12-18
694,002183,怡 亚 通,2025-12-18
695,002184,海得控制,2025-12-18
696,002185,华天科技,2025-12-18
697,002186,全 聚 德,2025-12-18
698,002187,广百股份,2025-12-18
699,002188,中天服务,2025-12-18
700,002189,中光学,2025-12-18
701,002190,成飞集成,2025-12-18
702,002191,劲嘉股份,2025-12-18
703,002192,融捷股份,2025-12-18
704,002193,如意集团,2025-12-18
705,002194,武汉凡谷,2025-12-18
706,002195,岩山科技,2025-12-18
707,002196,方正电机,2025-12-18
708,002197,ST证通,2025-12-18
709,002198,嘉应制药,2025-12-18
710,002199,*ST东晶,2025-12-18
711,002200,*ST交投,2025-12-18
712,002201,九鼎新材,2025-12-18
713,002202,金风科技,2025-12-18
714,002203,海亮股份,2025-12-18
715,002204,大连重工,2025-12-18
716,002205,国统股份,2025-12-18
717,002206,海 利 得,2025-12-18
718,002207,准油股份,2025-12-18
719,002208,合肥城建,2025-12-18
720,002209,达 意 隆,2025-12-18
721,002210,飞马国际,2025-12-18
722,002211,ST宏达,2025-12-18
723,002212,天融信,2025-12-18
724,002213,大为股份,2025-12-18
725,002214,*ST大立,2025-12-18
726,002215,诺 普 信,2025-12-18
727,002216,三全食品,2025-12-18
728,002217,合力泰,2025-12-18
729,002218,拓日新能,2025-12-18
730,002219,新里程,2025-12-18
731,002221,东华能源,2025-12-18
732,002222,福晶科技,2025-12-18
733,002223,鱼跃医疗,2025-12-18
734,002224,三 力 士,2025-12-18
735,002225,濮耐股份,2025-12-18
736,002226,江南化工,2025-12-18
737,002227,奥 特 迅,2025-12-18
738,002228,合兴包装,2025-12-18
739,002229,鸿博股份,2025-12-18
740,002230,科大讯飞,2025-12-18
741,002231,*ST奥维,2025-12-18
742,002232,启明信息,2025-12-18
743,002233,塔牌集团,2025-12-18
744,002234,民和股份,2025-12-18
745,002235,安妮股份,2025-12-18
746,002236,大华股份,2025-12-18
747,002237,恒邦股份,2025-12-18
748,002238,天威视讯,2025-12-18
749,002239,奥特佳,2025-12-18
750,002240,盛新锂能,2025-12-18
751,002241,歌尔股份,2025-12-18
752,002242,九阳股份,2025-12-18
753,002243,力合科创,2025-12-18
754,002244,滨江集团,2025-12-18
755,002245,蔚蓝锂芯,2025-12-18
756,002246,北化股份,2025-12-18
757,002247,聚力文化,2025-12-18
758,002248,华东数控,2025-12-18
759,002249,大洋电机,2025-12-18
760,002250,联化科技,2025-12-18
761,002251,步步高,2025-12-18
762,002252,上海莱士,2025-12-18
763,002253,*ST智胜,2025-12-18
764,002254,泰和新材,2025-12-18
765,002255,海陆重工,2025-12-18
766,002256,兆新股份,2025-12-18
767,002258,利尔化学,2025-12-18
768,002259,升达林业,2025-12-18
769,002261,拓维信息,2025-12-18
770,002262,恩华药业,2025-12-18
771,002263,大东南,2025-12-18
772,002264,新 华 都,2025-12-18
773,002265,建设工业,2025-12-18
774,002266,浙富控股,2025-12-18
775,002267,陕天然气,2025-12-18
776,002268,电科网安,2025-12-18
777,002269,美邦服饰,2025-12-18
778,002270,华明装备,2025-12-18
779,002271,东方雨虹,2025-12-18
780,002272,川润股份,2025-12-18
781,002273,水晶光电,2025-12-18
782,002274,华昌化工,2025-12-18
783,002275,桂林三金,2025-12-18
784,002276,万马股份,2025-12-18
785,002277,友阿股份,2025-12-18
786,002278,神开股份,2025-12-18
787,002279,久其软件,2025-12-18
788,002281,光迅科技,2025-12-18
789,002282,博深股份,2025-12-18
790,002283,天润工业,2025-12-18
791,002284,亚太股份,2025-12-18
792,002285,世联行,2025-12-18
793,002286,保龄宝,2025-12-18
794,002287,奇正藏药,2025-12-18
795,002289,*ST宇顺,2025-12-18
796,002290,禾盛新材,2025-12-18
797,002291,遥望科技,2025-12-18
798,002292,奥飞娱乐,2025-12-18
799,002293,罗莱生活,2025-12-18
800,002294,信立泰,2025-12-18
801,002295,精艺股份,2025-12-18
802,002296,辉煌科技,2025-12-18
803,002297,博云新材,2025-12-18
804,002298,中电鑫龙,2025-12-18
805,002299,圣农发展,2025-12-18
806,002300,太阳电缆,2025-12-18
807,002301,齐心集团,2025-12-18
808,002302,西部建设,2025-12-18
809,002303,美盈森,2025-12-18
810,002304,洋河股份,2025-12-18
811,002305,*ST南置,2025-12-18
812,002306,*ST云网,2025-12-18
813,002307,北新路桥,2025-12-18
814,002309,中利集团,2025-12-18
815,002310,东方园林,2025-12-18
816,002311,海大集团,2025-12-18
817,002312,川发龙蟒,2025-12-18
818,002313,日海智能,2025-12-18
819,002314,南山控股,2025-12-18
820,002315,焦点科技,2025-12-18
821,002316,亚联发展,2025-12-18
822,002317,众生药业,2025-12-18
823,002318,久立特材,2025-12-18
824,002319,乐通股份,2025-12-18
825,002320,海峡股份,2025-12-18
826,002321,华英农业,2025-12-18
827,002322,理工能科,2025-12-18
828,002323,雅博股份,2025-12-18
829,002324,普利特,2025-12-18
830,002326,永太科技,2025-12-18
831,002327,富安娜,2025-12-18
832,002328,新朋股份,2025-12-18
833,002329,皇氏集团,2025-12-18
834,002330,得利斯,2025-12-18
835,002331,皖通科技,2025-12-18
836,002332,仙琚制药,2025-12-18
837,002333,罗普斯金,2025-12-18
838,002334,英威腾,2025-12-18
839,002335,科华数据,2025-12-18
840,002337,赛象科技,2025-12-18
841,002338,奥普光电,2025-12-18
842,002339,积成电子,2025-12-18
843,002340,格林美,2025-12-18
844,002342,巨力索具,2025-12-18
845,002343,慈文传媒,2025-12-18
846,002344,海宁皮城,2025-12-18
847,002345,潮宏基,2025-12-18
848,002346,柘中股份,2025-12-18
849,002347,泰尔股份,2025-12-18
850,002348,高乐股份,2025-12-18
851,002349,精华制药,2025-12-18
852,002350,北京科锐,2025-12-18
853,002351,漫步者,2025-12-18
854,002352,顺丰控股,2025-12-18
855,002353,杰瑞股份,2025-12-18
856,002354,天娱数科,2025-12-18
857,002355,兴民智通,2025-12-18
858,002356,赫美集团,2025-12-18
859,002357,富临运业,2025-12-18
860,002358,森源电气,2025-12-18
861,002360,同德化工,2025-12-18
862,002361,神剑股份,2025-12-18
863,002362,汉王科技,2025-12-18
864,002363,隆基机械,2025-12-18
865,002364,中恒电气,2025-12-18
866,002365,永安药业,2025-12-18
867,002366,融发核电,2025-12-18
868,002367,康力电梯,2025-12-18
869,002368,太极股份,2025-12-18
870,002369,卓翼科技,2025-12-18
871,002370,亚太药业,2025-12-18
872,002371,北方华创,2025-12-18
873,002372,伟星新材,2025-12-18
874,002373,千方科技,2025-12-18
875,002374,中锐股份,2025-12-18
876,002375,亚厦股份,2025-12-18
877,002376,新北洋,2025-12-18
878,002377,国创高新,2025-12-18
879,002378,章源钨业,2025-12-18
880,002379,宏创控股,2025-12-18
881,002380,科远智慧,2025-12-18
882,002381,双箭股份,2025-12-18
883,002382,蓝帆医疗,2025-12-18
884,002383,合众思壮,2025-12-18
885,002384,东山精密,2025-12-18
886,002385,大北农,2025-12-18
887,002386,天原股份,2025-12-18
888,002387,维信诺,2025-12-18
889,002388,ST新亚,2025-12-18
890,002389,航天彩虹,2025-12-18
891,002390,信邦制药,2025-12-18
892,002391,长青股份,2025-12-18
893,002392,北京利尔,2025-12-18
894,002393,力生制药,2025-12-18
895,002394,联发股份,2025-12-18
896,002395,双象股份,2025-12-18
897,002396,星网锐捷,2025-12-18
898,002397,梦洁股份,2025-12-18
899,002398,垒知集团,2025-12-18
900,002399,海普瑞,2025-12-18
901,002400,省广集团,2025-12-18
902,002401,中远海科,2025-12-18
903,002402,和而泰,2025-12-18
904,002403,爱仕达,2025-12-18
905,002404,嘉欣丝绸,2025-12-18
906,002405,四维图新,2025-12-18
907,002406,远东传动,2025-12-18
908,002407,多氟多,2025-12-18
909,002408,齐翔腾达,2025-12-18
910,002409,雅克科技,2025-12-18
911,002410,广联达,2025-12-18
912,002412,汉森制药,2025-12-18
913,002413,雷科防务,2025-12-18
914,002414,高德红外,2025-12-18
915,002415,海康威视,2025-12-18
916,002416,爱施德,2025-12-18
917,002418,康盛股份,2025-12-18
918,002419,天虹股份,2025-12-18
919,002420,毅昌科技,2025-12-18
920,002421,达实智能,2025-12-18
921,002422,科伦药业,2025-12-18
922,002423,中粮资本,2025-12-18
923,002424,贵州百灵,2025-12-18
924,002425,凯撒文化,2025-12-18
925,002426,胜利精密,2025-12-18
926,002427,尤夫股份,2025-12-18
927,002428,云南锗业,2025-12-18
928,002429,兆驰股份,2025-12-18
929,002430,杭氧股份,2025-12-18
930,002431,棕榈股份,2025-12-18
931,002432,九安医疗,2025-12-18
932,002434,万里扬,2025-12-18
933,002436,兴森科技,2025-12-18
934,002437,誉衡药业,2025-12-18
935,002438,江苏神通,2025-12-18
936,002439,启明星辰,2025-12-18
937,002440,闰土股份,2025-12-18
938,002441,众业达,2025-12-18
939,002442,龙星科技,2025-12-18
940,002443,金洲管道,2025-12-18
941,002444,巨星科技,2025-12-18
942,002445,中南文化,2025-12-18
943,002446,盛路通信,2025-12-18
944,002448,中原内配,2025-12-18
945,002449,国星光电,2025-12-18
946,002451,摩恩电气,2025-12-18
947,002452,长高电新,2025-12-18
948,002453,华软科技,2025-12-18
949,002454,松芝股份,2025-12-18
950,002455,百川股份,2025-12-18
951,002456,欧菲光,2025-12-18
952,002457,青龙管业,2025-12-18
953,002458,益生股份,2025-12-18
954,002459,晶澳科技,2025-12-18
955,002460,赣锋锂业,2025-12-18
956,002461,珠江啤酒,2025-12-18
957,002462,嘉事堂,2025-12-18
958,002463,沪电股份,2025-12-18
959,002465,海格通信,2025-12-18
960,002466,天齐锂业,2025-12-18
961,002467,二六三,2025-12-18
962,002468,申通快递,2025-12-18
963,002469,三维化学,2025-12-18
964,002470,金正大,2025-12-18
965,002471,中超控股,2025-12-18
966,002472,双环传动,2025-12-18
967,002474,榕基软件,2025-12-18
968,002475,立讯精密,2025-12-18
969,002476,宝莫股份,2025-12-18
970,002478,常宝股份,2025-12-18
971,002479,富春环保,2025-12-18
972,002480,新筑股份,2025-12-18
973,002481,双塔食品,2025-12-18
974,002482,广田集团,2025-12-18
975,002483,润邦股份,2025-12-18
976,002484,江海股份,2025-12-18
977,002485,ST雪发,2025-12-18
978,002486,嘉麟杰,2025-12-18
979,002487,大金重工,2025-12-18
980,002488,金固股份,2025-12-18
981,002489,浙江永强,2025-12-18
982,002490,山东墨龙,2025-12-18
983,002491,通鼎互联,2025-12-18
984,002492,恒基达鑫,2025-12-18
985,002493,荣盛石化,2025-12-18
986,002494,华斯股份,2025-12-18
987,002495,佳隆股份,2025-12-18
988,002496,*ST辉丰,2025-12-18
989,002497,雅化集团,2025-12-18
990,002498,汉缆股份,2025-12-18
991,002500,山西证券,2025-12-18
992,002501,利源股份,2025-12-18
993,002506,协鑫集成,2025-12-18
994,002507,涪陵榨菜,2025-12-18
995,002508,老板电器,2025-12-18
996,002510,天汽模,2025-12-18
997,002511,中顺洁柔,2025-12-18
998,002512,达华智能,2025-12-18
999,002513,蓝丰生化,2025-12-18
1000,002514,宝馨科技,2025-12-18
1001,002515,金字火腿,2025-12-18
1002,002516,旷达科技,2025-12-18
1003,002517,恺英网络,2025-12-18
1004,002518,科士达,2025-12-18
1005,002519,银河电子,2025-12-18
1006,002520,日发精机,2025-12-18
1007,002521,齐峰新材,2025-12-18
1008,002522,浙江众成,2025-12-18
1009,002523,天桥起重,2025-12-18
1010,002524,光正眼科,2025-12-18
1011,002526,山东矿机,2025-12-18
1012,002527,新时达,2025-12-18
1013,002528,ST英飞拓,2025-12-18
1014,002529,*ST海源,2025-12-18
1015,002530,金财互联,2025-12-18
1016,002531,天顺风能,2025-12-18
1017,002532,天山铝业,2025-12-18
1018,002533,金杯电工,2025-12-18
1019,002534,西子洁能,2025-12-18
1020,002535,林州重机,2025-12-18
1021,002536,飞龙股份,2025-12-18
1022,002537,海联金汇,2025-12-18
1023,002538,司尔特,2025-12-18
1024,002539,云图控股,2025-12-18
1025,002540,亚太科技,2025-12-18
1026,002541,鸿路钢构,2025-12-18
1027,002542,中化岩土,2025-12-18
1028,002543,万和电气,2025-12-18
1029,002544,普天科技,2025-12-18
1030,002545,东方铁塔,2025-12-18
1031,002546,新联电子,2025-12-18
1032,002547,春兴精工,2025-12-18
1033,002548,金新农,2025-12-18
1034,002549,凯美特气,2025-12-18
1035,002550,千红制药,2025-12-18
1036,002551,尚荣医疗,2025-12-18
1037,002552,宝鼎科技,2025-12-18
1038,002553,南方精工,2025-12-18
1039,002554,惠博普,2025-12-18
1040,002555,三七互娱,2025-12-18
1041,002556,辉隆股份,2025-12-18
1042,002557,洽洽食品,2025-12-18
1043,002558,巨人网络,2025-12-18
1044,002559,亚威股份,2025-12-18
1045,002560,通达股份,2025-12-18
1046,002561,徐家汇,2025-12-18
1047,002562,兄弟科技,2025-12-18
1048,002563,森马服饰,2025-12-18
1049,002564,天沃科技,2025-12-18
1050,002565,顺灏股份,2025-12-18
1051,002566,益盛药业,2025-12-18
1052,002567,唐人神,2025-12-18
1053,002568,百润股份,2025-12-18
1054,002569,*ST步森,2025-12-18
1055,002570,贝因美,2025-12-18
1056,002571,德力股份,2025-12-18
1057,002572,索菲亚,2025-12-18
1058,002573,清新环境,2025-12-18
1059,002574,明牌珠宝,2025-12-18
1060,002575,群兴玩具,2025-12-18
1061,002576,通达动力,2025-12-18
1062,002577,雷柏科技,2025-12-18
1063,002578,闽发铝业,2025-12-18
1064,002579,中京电子,2025-12-18
1065,002580,圣阳股份,2025-12-18
1066,002581,ST未名,2025-12-18
1067,002582,好想你,2025-12-18
1068,002583,海能达,2025-12-18
1069,002584,西陇科学,2025-12-18
1070,002585,双星新材,2025-12-18
1071,002586,*ST围海,2025-12-18
1072,002587,奥拓电子,2025-12-18
1073,002588,史丹利,2025-12-18
1074,002589,瑞康医药,2025-12-18
1075,002590,万安科技,2025-12-18
1076,002591,恒大高新,2025-12-18
1077,002592,ST八菱,2025-12-18
1078,002593,日上集团,2025-12-18
1079,002594,比亚迪,2025-12-18
1080,002595,豪迈科技,2025-12-18
1081,002596,海南瑞泽,2025-12-18
1082,002597,金禾实业,2025-12-18
1083,002598,山东章鼓,2025-12-18
1084,002599,盛通股份,2025-12-18
1085,002600,领益智造,2025-12-18
1086,002601,龙佰集团,2025-12-18
1087,002602,世纪华通,2025-12-18
1088,002603,以岭药业,2025-12-18
1089,002605,姚记科技,2025-12-18
1090,002606,大连电瓷,2025-12-18
1091,002607,中公教育,2025-12-18
1092,002608,江苏国信,2025-12-18
1093,002609,捷顺科技,2025-12-18
1094,002611,东方精工,2025-12-18
1095,002612,朗姿股份,2025-12-18
1096,002613,北玻股份,2025-12-18
1097,002614,奥佳华,2025-12-18
1098,002615,哈尔斯,2025-12-18
1099,002616,长青集团,2025-12-18
1100,002617,露笑科技,2025-12-18
1101,002620,ST瑞和,2025-12-18
1102,002622,皓宸医疗,2025-12-18
1103,002623,亚玛顿,2025-12-18
1104,002624,完美世界,2025-12-18
1105,002625,光启技术,2025-12-18
1106,002626,金达威,2025-12-18
1107,002627,三峡旅游,2025-12-18
1108,002628,成都路桥,2025-12-18
1109,002629,仁智股份,2025-12-18
1110,002630,ST华西,2025-12-18
1111,002631,德尔未来,2025-12-18
1112,002632,道明光学,2025-12-18
1113,002633,申科股份,2025-12-18
1114,002634,棒杰股份,2025-12-18
1115,002635,安洁科技,2025-12-18
1116,002636,金安国纪,2025-12-18
1117,002637,赞宇科技,2025-12-18
1118,002638,勤上股份,2025-12-18
1119,002639,雪人集团,2025-12-18
1120,002640,跨境通,2025-12-18
1121,002641,公元股份,2025-12-18
1122,002642,荣联科技,2025-12-18
1123,002643,万润股份,2025-12-18
1124,002644,佛慈制药,2025-12-18
1125,002645,华宏科技,2025-12-18
1126,002646,天佑德酒,2025-12-18
1127,002647,*ST仁东,2025-12-18
1128,002648,卫星化学,2025-12-18
1129,002649,博彦科技,2025-12-18
1130,002650,ST加加,2025-12-18
1131,002651,利君股份,2025-12-18
1132,002652,扬子新材,2025-12-18
1133,002653,海思科,2025-12-18
1134,002654,万润科技,2025-12-18
1135,002655,共达电声,2025-12-18
1136,002656,*ST摩登,2025-12-18
1137,002657,中科金财,2025-12-18
1138,002658,雪迪龙,2025-12-18
1139,002659,凯文教育,2025-12-18
1140,002660,茂硕电源,2025-12-18
1141,002661,克明食品,2025-12-18
1142,002662,峰璟股份,2025-12-18
1143,002663,普邦股份,2025-12-18
1144,002664,信质集团,2025-12-18
1145,002666,德联集团,2025-12-18
1146,002667,威领股份,2025-12-18
1147,002668,TCL智家,2025-12-18
1148,002669,康达新材,2025-12-18
1149,002670,国盛证券,2025-12-18
1150,002671,龙泉股份,2025-12-18
1151,002672,东江环保,2025-12-18
1152,002673,西部证券,2025-12-18
1153,002674,兴业科技,2025-12-18
1154,002675,东诚药业,2025-12-18
1155,002676,顺威股份,2025-12-18
1156,002677,浙江美大,2025-12-18
1157,002678,珠江钢琴,2025-12-18
1158,002679,福建金森,2025-12-18
1159,002681,奋达科技,2025-12-18
1160,002682,龙洲股份,2025-12-18
1161,002683,广东宏大,2025-12-18
1162,002685,华东重机,2025-12-18
1163,002686,亿利达,2025-12-18
1164,002687,乔治白,2025-12-18
1165,002688,金河生物,2025-12-18
1166,002689,ST远智,2025-12-18
1167,002690,美亚光电,2025-12-18
1168,002691,冀凯股份,2025-12-18
1169,002692,远程股份,2025-12-18
1170,002693,*ST双成,2025-12-18
1171,002694,顾地科技,2025-12-18
1172,002695,煌上煌,2025-12-18
1173,002696,百洋股份,2025-12-18
1174,002697,红旗连锁,2025-12-18
1175,002698,博实股份,2025-12-18
1176,002700,万憬能源,2025-12-18
1177,002701,奥瑞金,2025-12-18
1178,002702,海欣食品,2025-12-18
1179,002703,浙江世宝,2025-12-18
1180,002705,新宝股份,2025-12-18
1181,002706,良信股份,2025-12-18
1182,002707,众信旅游,2025-12-18
1183,002708,光洋股份,2025-12-18
1184,002709,天赐材料,2025-12-18
1185,002712,思美传媒,2025-12-18
1186,002713,*ST东易,2025-12-18
1187,002714,牧原股份,2025-12-18
1188,002715,登云股份,2025-12-18
1189,002716,湖南白银,2025-12-18
1190,002717,ST岭南,2025-12-18
1191,002718,友邦吊顶,2025-12-18
1192,002719,麦趣尔,2025-12-18
1193,002721,金一文化,2025-12-18
1194,002722,物产金轮,2025-12-18
1195,002723,小崧股份,2025-12-18
1196,002724,海洋王,2025-12-18
1197,002725,跃岭股份,2025-12-18
1198,002726,龙大美食,2025-12-18
1199,002727,一心堂,2025-12-18
1200,002728,特一药业,2025-12-18
1201,002729,好利科技,2025-12-18
1202,002730,电光科技,2025-12-18
1203,002731,萃华珠宝,2025-12-18
1204,002732,燕塘乳业,2025-12-18
1205,002733,雄韬股份,2025-12-18
1206,002734,利民股份,2025-12-18
1207,002735,王子新材,2025-12-18
1208,002736,国信证券,2025-12-18
1209,002737,葵花药业,2025-12-18
1210,002738,中矿资源,2025-12-18
1211,002739,万达电影,2025-12-18
1212,002741,光华科技,2025-12-18
1213,002742,*ST三圣,2025-12-18
1214,002743,富煌钢构,2025-12-18
1215,002745,木林森,2025-12-18
1216,002746,仙坛股份,2025-12-18
1217,002747,埃斯顿,2025-12-18
1218,002748,世龙实业,2025-12-18
1219,002749,国光股份,2025-12-18
1220,002752,昇兴股份,2025-12-18
1221,002753,永东股份,2025-12-18
1222,002755,奥赛康,2025-12-18
1223,002756,永兴材料,2025-12-18
1224,002757,南兴股份,2025-12-18
1225,002758,浙农股份,2025-12-18
1226,002759,天际股份,2025-12-18
1227,002760,凤形股份,2025-12-18
1228,002761,浙江建投,2025-12-18
1229,002762,*ST金比,2025-12-18
1230,002763,汇洁股份,2025-12-18
1231,002765,蓝黛科技,2025-12-18
1232,002766,索菱股份,2025-12-18
1233,002767,先锋电子,2025-12-18
1234,002768,国恩股份,2025-12-18
1235,002769,普路通,2025-12-18
1236,002771,真视通,2025-12-18
1237,002772,众兴菌业,2025-12-18
1238,002773,康弘药业,2025-12-18
1239,002774,快意电梯,2025-12-18
1240,002775,文科股份,2025-12-18
1241,002777,久远银海,2025-12-18
1242,002778,中晟高科,2025-12-18
1243,002779,中坚科技,2025-12-18
1244,002780,三夫户外,2025-12-18
1245,002782,可立克,2025-12-18
1246,002783,凯龙股份,2025-12-18
1247,002785,万里石,2025-12-18
1248,002786,银宝山新,2025-12-18
1249,002787,华源控股,2025-12-18
1250,002788,鹭燕医药,2025-12-18
1251,002789,*ST建艺,2025-12-18
1252,002790,瑞尔特,2025-12-18
1253,002791,坚朗五金,2025-12-18
1254,002792,通宇通讯,2025-12-18
1255,002793,罗欣药业,2025-12-18
1256,002795,永和智控,2025-12-18
1257,002796,世嘉科技,2025-12-18
1258,002797,第一创业,2025-12-18
1259,002798,帝欧水华,2025-12-18
1260,002799,环球印务,2025-12-18
1261,002800,天顺股份,2025-12-18
1262,002801,微光股份,2025-12-18
1263,002802,洪汇新材,2025-12-18
1264,002803,吉宏股份,2025-12-18
1265,002805,丰元股份,2025-12-18
1266,002806,华锋股份,2025-12-18
1267,002807,江阴银行,2025-12-18
1268,002808,*ST恒久,2025-12-18
1269,002809,红墙股份,2025-12-18
1270,002810,山东赫达,2025-12-18
1271,002811,郑中设计,2025-12-18
1272,002812,恩捷股份,2025-12-18
1273,002813,路畅科技,2025-12-18
1274,002815,崇达技术,2025-12-18
1275,002816,*ST和科,2025-12-18
1276,002817,黄山胶囊,2025-12-18
1277,002818,富森美,2025-12-18
1278,002819,东方中科,2025-12-18
1279,002820,桂发祥,2025-12-18
1280,002821,凯莱英,2025-12-18
1281,002822,*ST中装,2025-12-18
1282,002823,凯中精密,2025-12-18
1283,002824,和胜股份,2025-12-18
1284,002825,纳尔股份,2025-12-18
1285,002826,易明医药,2025-12-18
1286,002827,高争民爆,2025-12-18
1287,002828,贝肯能源,2025-12-18
1288,002829,星网宇达,2025-12-18
1289,002830,名雕股份,2025-12-18
1290,002831,裕同科技,2025-12-18
1291,002832,比音勒芬,2025-12-18
1292,002833,弘亚数控,2025-12-18
1293,002835,同为股份,2025-12-18
1294,002836,新宏泽,2025-12-18
1295,002837,英维克,2025-12-18
1296,002838,道恩股份,2025-12-18
1297,002839,张家港行,2025-12-18
1298,002840,华统股份,2025-12-18
1299,002841,视源股份,2025-12-18
1300,002842,翔鹭钨业,2025-12-18
1301,002843,泰嘉股份,2025-12-18
1302,002845,同兴达,2025-12-18
1303,002846,英联股份,2025-12-18
1304,002847,盐津铺子,2025-12-18
1305,002848,*ST高斯,2025-12-18
1306,002849,威星智能,2025-12-18
1307,002850,科达利,2025-12-18
1308,002851,麦格米特,2025-12-18
1309,002852,道道全,2025-12-18
1310,002853,皮阿诺,2025-12-18
1311,002855,捷荣技术,2025-12-18
1312,002856,美芝股份,2025-12-18
1313,002857,三晖电气,2025-12-18
1314,002858,力盛体育,2025-12-18
1315,002859,洁美科技,2025-12-18
1316,002860,星帅尔,2025-12-18
1317,002861,瀛通通讯,2025-12-18
1318,002862,实丰文化,2025-12-18
1319,002863,今飞凯达,2025-12-18
1320,002864,盘龙药业,2025-12-18
1321,002865,钧达股份,2025-12-18
1322,002866,传艺科技,2025-12-18
1323,002867,周大生,2025-12-18
1324,002868,*ST绿康,2025-12-18
1325,002869,金溢科技,2025-12-18
1326,002870,香山股份,2025-12-18
1327,002871,伟隆股份,2025-12-18
1328,002872,ST天圣,2025-12-18
1329,002873,新天药业,2025-12-18
1330,002875,安奈儿,2025-12-18
1331,002876,三利谱,2025-12-18
1332,002877,智能自控,2025-12-18
1333,002878,元隆雅图,2025-12-18
1334,002879,长缆科技,2025-12-18
1335,002880,卫光生物,2025-12-18
1336,002881,美格智能,2025-12-18
1337,002882,金龙羽,2025-12-18
1338,002883,中设股份,2025-12-18
1339,002884,凌霄泵业,2025-12-18
1340,002885,京泉华,2025-12-18
1341,002886,沃特股份,2025-12-18
1342,002887,绿茵生态,2025-12-18
1343,002888,惠威科技,2025-12-18
1344,002889,东方嘉盛,2025-12-18
1345,002890,弘宇股份,2025-12-18
1346,002891,中宠股份,2025-12-18
1347,002892,科力尔,2025-12-18
1348,002893,京能热力,2025-12-18
1349,002895,川恒股份,2025-12-18
1350,002896,中大力德,2025-12-18
1351,002897,意华股份,2025-12-18
1352,002898,*ST赛隆,2025-12-18
1353,002899,英派斯,2025-12-18
1354,002900,哈三联,2025-12-18
1355,002901,大博医疗,2025-12-18
1356,002902,铭普光磁,2025-12-18
1357,002903,宇环数控,2025-12-18
1358,002905,金逸影视,2025-12-18
1359,002906,华阳集团,2025-12-18
1360,002907,华森制药,2025-12-18
1361,002908,德生科技,2025-12-18
1362,002909,集泰股份,2025-12-18
1363,002910,庄园牧场,2025-12-18
1364,002911,佛燃能源,2025-12-18
1365,002912,中新赛克,2025-12-18
1366,002913,奥士康,2025-12-18
1367,002915,中欣氟材,2025-12-18
1368,002916,深南电路,2025-12-18
1369,002917,金奥博,2025-12-18
1370,002918,蒙娜丽莎,2025-12-18
1371,002919,名臣健康,2025-12-18
1372,002920,德赛西威,2025-12-18
1373,002921,联诚精密,2025-12-18
1374,002922,伊戈尔,2025-12-18
1375,002923,润都股份,2025-12-18
1376,002925,盈趣科技,2025-12-18
1377,002926,华西证券,2025-12-18
1378,002927,泰永长征,2025-12-18
1379,002928,华夏航空,2025-12-18
1380,002929,润建股份,2025-12-18
1381,002930,宏川智慧,2025-12-18
1382,002931,锋龙股份,2025-12-18
1383,002932,明德生物,2025-12-18
1384,002933,新兴装备,2025-12-18
1385,002935,天奥电子,2025-12-18
1386,002936,郑州银行,2025-12-18
1387,002937,兴瑞科技,2025-12-18
1388,002938,鹏鼎控股,2025-12-18
1389,002939,长城证券,2025-12-18
1390,002940,昂利康,2025-12-18
1391,002941,新疆交建,2025-12-18
1392,002942,新农股份,2025-12-18
1393,002943,宇晶股份,2025-12-18
1394,002945,华林证券,2025-12-18
1395,002946,新乳业,2025-12-18
1396,002947,恒铭达,2025-12-18
1397,002948,青岛银行,2025-12-18
1398,002949,华阳国际,2025-12-18
1399,002950,奥美医疗,2025-12-18
1400,002951,金时科技,2025-12-18
1401,002952,亚世光电,2025-12-18
1402,002953,日丰股份,2025-12-18
1403,002955,鸿合科技,2025-12-18
1404,002956,西麦食品,2025-12-18
1405,002957,科瑞技术,2025-12-18
1406,002958,青农商行,2025-12-18
1407,002959,小熊电器,2025-12-18
1408,002960,青鸟消防,2025-12-18
1409,002961,瑞达期货,2025-12-18
1410,002962,五方光电,2025-12-18
1411,002963,豪尔赛,2025-12-18
1412,002965,祥鑫科技,2025-12-18
1413,002966,苏州银行,2025-12-18
1414,002967,广电计量,2025-12-18
1415,002968,新大正,2025-12-18
1416,002969,嘉美包装,2025-12-18
1417,002970,锐明技术,2025-12-18
1418,002971,和远气体,2025-12-18
1419,002972,科安达,2025-12-18
1420,002973,侨银股份,2025-12-18
1421,002975,博杰股份,2025-12-18
1422,002976,瑞玛精密,2025-12-18
1423,002977,天箭科技,2025-12-18
1424,002978,安宁股份,2025-12-18
1425,002979,雷赛智能,2025-12-18
1426,002980,华盛昌,2025-12-18
1427,002981,朝阳科技,2025-12-18
1428,002982,湘佳股份,2025-12-18
1429,002983,芯瑞达,2025-12-18
1430,002984,森麒麟,2025-12-18
1431,002985,北摩高科,2025-12-18
1432,002986,宇新股份,2025-12-18
1433,002987,京北方,2025-12-18
1434,002988,豪美新材,2025-12-18
1435,002989,中天精装,2025-12-18
1436,002990,盛视科技,2025-12-18
1437,002991,甘源食品,2025-12-18
1438,002992,宝明科技,2025-12-18
1439,002993,奥海科技,2025-12-18
1440,002995,天地在线,2025-12-18
1441,002996,顺博合金,2025-12-18
1442,002997,瑞鹄模具,2025-12-18
1443,002998,优彩资源,2025-12-18
1444,002999,天禾股份,2025-12-18
1445,003000,劲仔食品,2025-12-18
1446,003001,中岩大地,2025-12-18
1447,003002,壶化股份,2025-12-18
1448,003003,天元股份,2025-12-18
1449,003004,*ST声迅,2025-12-18
1450,003005,竞业达,2025-12-18
1451,003006,百亚股份,2025-12-18
1452,003007,直真科技,2025-12-18
1453,003008,开普检测,2025-12-18
1454,003009,中天火箭,2025-12-18
1455,003010,若羽臣,2025-12-18
1456,003011,海象新材,2025-12-18
1457,003012,东鹏控股,2025-12-18
1458,003013,地铁设计,2025-12-18
1459,003015,日久光电,2025-12-18
1460,003016,欣贺股份,2025-12-18
1461,003017,大洋生物,2025-12-18
1462,003018,金富科技,2025-12-18
1463,003019,宸展光电,2025-12-18
1464,003020,立方制药,2025-12-18
1465,003021,兆威机电,2025-12-18
1466,003022,联泓新科,2025-12-18
1467,003023,彩虹集团,2025-12-18
1468,003025,思进智能,2025-12-18
1469,003026,中晶科技,2025-12-18
1470,003027,同兴科技,2025-12-18
1471,003028,振邦智能,2025-12-18
1472,003029,吉大正元,2025-12-18
1473,003030,祖名股份,2025-12-18
1474,003031,中瓷电子,2025-12-18
1475,003032,*ST传智,2025-12-18
1476,003033,征和工业,2025-12-18
1477,003035,南网能源,2025-12-18
1478,003036,泰坦股份,2025-12-18
1479,003037,三和管桩,2025-12-18
1480,003038,鑫铂股份,2025-12-18
1481,003039,顺控发展,2025-12-18
1482,003040,楚天龙,2025-12-18
1483,003041,真爱美家,2025-12-18
1484,003042,中农联合,2025-12-18
1485,003043,华亚智能,2025-12-18
1486,003816,中国广核,2025-12-18
1239,159001,货币ETF,2025-12-18
1234,159003,招商快线ETF,2025-12-18
1237,159005,汇添富快钱ETF,2025-12-18
1317,159100,巴西ETF,2025-12-18
802,159101,港股通科技ETF基金,2025-12-18
936,159102,港股通生物科技ETF,2025-12-18
685,159103,金融科技ETF汇添富,2025-12-18
1092,159105,恒生生物科技ETF易方达,2025-12-18
642,159106,民企300ETF,2025-12-18
340,159107,创业板软件ETF富国,2025-12-18
1098,159108,工业软件ETF,2025-12-18
991,159109,恒生50ETF,2025-12-18
1217,159117,港股通红利低波ETF,2025-12-18
1159,159118,港股通红利低波ETF基金,2025-12-18
740,159119,800现金流ETF,2025-12-18
990,159120,港股科技30ETF,2025-12-18
1230,159121,恒生汽车ETF,2025-12-18
170,159122,创业板新能源ETF富国,2025-12-18
415,159123,光伏ETF嘉实,2025-12-18
911,159125,港股通科技ETF招商,2025-12-18
1062,159126,港股通50ETF南方,2025-12-18
1132,159127,港股通红利ETF南方,2025-12-18
988,159128,港股科技ETF天弘,2025-12-18
100,159129,化工ETF嘉实,2025-12-18
862,159130,恒生生物科技ETF鹏华,2025-12-18
770,159131,港股信息技术ETF,2025-12-18
146,159133,化工ETF天弘,2025-12-18
41,159141,科创创业人工智能ETF永赢,2025-12-18
56,159142,科创创业人工智能ETF景顺,2025-12-18
228,159150,深证50ETF易方达,2025-12-18
850,159201,自由现金流ETF,2025-12-18
1063,159202,恒生互联网科技ETF,2025-12-18
746,159203,大盘成长ETF,2025-12-18
78,159205,创业板ETF东财,2025-12-18
1306,159206,卫星ETF,2025-12-18
1110,159207,高股息ETF,2025-12-18
1289,159208,航天航空ETF,2025-12-18
656,159209,中证红利质量ETF,2025-12-18
1216,159210,港股汽车ETF,2025-12-18
194,159211,深证100ETF富国,2025-12-18
227,159212,深100ETF南方,2025-12-18
674,159213,机器人ETF基金,2025-12-18
403,159215,中证A500ETF指数基金,2025-12-18
179,159216,深证100ETF大成,2025-12-18
959,159217,港股通创新药ETF工银,2025-12-18
1303,159218,卫星产业ETF,2025-12-18
230,159219,深证100ETF融通,2025-12-18
1155,159220,港股通红利ETF,2025-12-18
903,159221,现金流ETF嘉实,2025-12-18
789,159222,自由现金流ETF易方达,2025-12-18
313,159223,现金流ETF永赢,2025-12-18
883,159225,现金流ETF基金,2025-12-18
566,159226,中证A500增强ETF,2025-12-18
1294,159227,航空航天ETF,2025-12-18
1167,159228,红利低波ETF长城,2025-12-18
861,159229,自由现金流ETF广发,2025-12-18
1314,159230,通用航空ETF基金,2025-12-18
1301,159231,通用航空ETF华宝,2025-12-18
881,159232,自由现金流ETF南方,2025-12-18
852,159233,自由现金流ETF基金,2025-12-18
781,159235,中证现金流ETF,2025-12-18
970,159236,自由现金流ETF工银,2025-12-18
1194,159237,港股汽车ETF基金,2025-12-18
495,159238,300ETF增强,2025-12-18
1273,159239,港股通汽车ETF富国,2025-12-18
357,159240,中证A500增强ETF天弘,2025-12-18
1293,159241,航空航天ETF天弘,2025-12-18
4,159242,创业板人工智能ETF大成,2025-12-18
568,159245,港股通消费ETF,2025-12-18
7,159246,创业板人工智能ETF富国,2025-12-18
51,159248,人工智能ETF基金,2025-12-18
302,159249,A500增强ETF工银,2025-12-18
823,159251,港股科技ETF基金,2025-12-18
1188,159253,中证银行ETF,2025-12-18
1308,159255,通用航空ETF易方达,2025-12-18
500,159256,创业板软件ETF华夏,2025-12-18
1307,159257,航空ETF基金,2025-12-18
716,159258,机器人ETF南方,2025-12-18
1,159259,成长ETF,2025-12-18
606,159260,证券指数ETF,2025-12-18
135,159261,创业板新能源ETF鹏华,2025-12-18
1008,159262,港股通科技ETF,2025-12-18
1057,159263,价值ETF,2025-12-18
772,159265,港股消费50ETF,2025-12-18
1220,159266,港股通央企红利ETF,2025-12-18
1288,159267,航天ETF,2025-12-18
691,159268,港股通消费50ETF,2025-12-18
856,159269,港股通科技ETF南方,2025-12-18
525,159270,创业板200ETF南方,2025-12-18
1034,159271,恒生指数ETF,2025-12-18
677,159272,机器人ETF富国,2025-12-18
90,159273,云计算ETF汇添富,2025-12-18
1279,159275,农牧渔ETF,2025-12-18
925,159276,现金流ETF汇添富,2025-12-18
1160,159277,港股通红利ETF富国,2025-12-18
849,159278,机器人ETF鹏华,2025-12-18
12,159279,创业板人工智能ETF华安,2025-12-18
944,159280,港股通互联网ETF汇添富,2025-12-18
1218,159281,港股通央企红利ETF天弘,2025-12-18
1311,159283,通用航空ETF南方,2025-12-18
806,159285,港股通消费ETF华安,2025-12-18
1103,159286,港股创新药ETF鹏华,2025-12-18
549,159287,创业板综ETF博时,2025-12-18
579,159288,创业板综ETF银华,2025-12-18
398,159289,创业板综指ETF鹏华,2025-12-18
255,159290,创业板综指增强ETF东财,2025-12-18
335,159291,创业板综增强ETF招商,2025-12-18
563,159292,创业板综增强ETF华宝,2025-12-18
273,159295,创业综指ETF西部利得,2025-12-18
1163,159296,A500红利低波ETF,2025-12-18
1100,159297,港股通创新药ETF南方,2025-12-18
50,159298,创业板50ETF大成,2025-12-18
832,159299,金融科技ETF易方达,2025-12-18
402,159300,300ETF,2025-12-18
1158,159301,公用事业ETF,2025-12-18
1235,159302,港股高股息ETF,2025-12-18
978,159303,恒生医疗ETF基金,2025-12-18
42,159305,储能电池ETF广发,2025-12-18
288,159306,汽车零件ETF,2025-12-18
1145,159307,红利低波100ETF,2025-12-18
915,159309,油气资源ETF,2025-12-18
291,159310,芯片ETF天弘,2025-12-18
181,159311,数字经济ETF易方达,2025-12-18
971,159312,恒生ETF港股通,2025-12-18
262,159315,黄金股ETF基金,2025-12-18
1077,159316,恒生创新药ETF,2025-12-18
941,159318,恒生港股通ETF,2025-12-18
453,159320,电网ETF,2025-12-18
249,159321,黄金股票ETF,2025-12-18
328,159322,黄金股票ETF基金,2025-12-18
1125,159323,港股通汽车ETF,2025-12-18
259,159325,半导体ETF南方,2025-12-18
580,159326,电网设备ETF,2025-12-18
771,159327,半导体设备ETF基金,2025-12-18
809,159328,家电ETF易方达,2025-12-18
1296,159329,沙特ETF,2025-12-18
542,159330,沪深300ETF基金,2025-12-18
1140,159331,红利港股ETF,2025-12-18
1083,159332,央企红利ETF,2025-12-18
1207,159333,港股央企红利ETF,2025-12-18
533,159335,央企科创ETF,2025-12-18
1114,159336,央企红利50ETF,2025-12-18
509,159337,中证500ETF基金,2025-12-18
389,159338,中证A500ETF,2025-12-18
551,159339,A500ETF,2025-12-18
243,159350,深证50ETF富国,2025-12-18
498,159351,A500ETF嘉实,2025-12-18
428,159352,A500ETF南方,2025-12-18
502,159353,中证A500ETF景顺,2025-12-18
1192,159355,800红利低波ETF,2025-12-18
390,159356,A500ETF基金,2025-12-18
439,159357,中证A500指数ETF,2025-12-18
459,159358,中证A500ETF基金,2025-12-18
488,159359,A500指数ETF,2025-12-18
462,159360,中证A500ETF天弘,2025-12-18
460,159361,A500ETF易方达,2025-12-18
451,159362,A500ETF工银,2025-12-18
6,159363,创业板人工智能ETF华宝,2025-12-18
765,159365,恒指ETF,2025-12-18
820,159366,港股医疗ETF,2025-12-18
92,159367,创业板50ETF华夏,2025-12-18
155,159368,创业板新能源ETF华夏,2025-12-18
73,159369,创业板50ETF易方达,2025-12-18
37,159370,创50ETF工银,2025-12-18
61,159371,创业板50ETF富国,2025-12-18
79,159372,创业板50ETF万家,2025-12-18
55,159373,创业板50ETF嘉实,2025-12-18
111,159375,创业板50ETF国泰,2025-12-18
430,159376,A500ETF指数基金,2025-12-18
641,159377,创业板医药ETF国泰,2025-12-18
1310,159378,通用航空ETF,2025-12-18
421,159379,A500ETF融通,2025-12-18
538,159380,A500ETF东财,2025-12-18
14,159381,创业板人工智能ETF华夏,2025-12-18
2,159382,创业板人工智能ETF南方,2025-12-18
45,159383,创业板50ETF华泰柏瑞,2025-12-18
108,159385,数字经济ETF富国,2025-12-18
405,159386,A500ETF永赢,2025-12-18
149,159387,创业板新能源ETF国泰,2025-12-18
3,159388,创业板人工智能ETF国泰,2025-12-18
116,159389,数字经济ETF嘉实,2025-12-18
611,159390,A50指数ETF,2025-12-18
1072,159391,大盘价值ETF,2025-12-18
1312,159392,航空ETF,2025-12-18
431,159393,沪深300指数ETF,2025-12-18
1037,159399,现金流ETF,2025-12-18
220,159500,500ETF,2025-12-18
868,159501,纳指ETF嘉实,2025-12-18
1297,159502,标普生物科技ETF,2025-12-18
138,159505,国证2000指数ETF,2025-12-18
842,159506,港股通医疗ETF富国,2025-12-18
22,159507,通信ETF广发,2025-12-18
916,159508,生物医药ETF基金,2025-12-18
331,159509,纳指科技ETF,2025-12-18
945,159510,沪深300价值ETF,2025-12-18
15,159511,通信ETF南方,2025-12-18
1232,159512,汽车ETF,2025-12-18
745,159513,纳斯达克100指数ETF,2025-12-18
1199,159515,国企红利ETF,2025-12-18
799,159516,半导体设备ETF,2025-12-18
567,159517,800增强ETF,2025-12-18
1300,159518,标普油气ETF,2025-12-18
968,159519,港股国企ETF,2025-12-18
1087,159520,消费龙头ETF,2025-12-18
872,159521,国证2000ETF指数基金,2025-12-18
440,159523,沪深300成长ETF,2025-12-18
1171,159525,红利低波ETF,2025-12-18
565,159526,机器人ETF嘉实,2025-12-18
174,159527,云计算ETF广发,2025-12-18
751,159528,国企改革ETF,2025-12-18
1291,159529,标普消费ETF,2025-12-18
712,159530,机器人ETF易方达,2025-12-18
1049,159531,中证2000ETF,2025-12-18
953,159532,中证2000ETF易方达,2025-12-18
358,159533,中证2000ETF基金,2025-12-18
1150,159535,中证2000ETF嘉实,2025-12-18
979,159536,中证2000指数ETF,2025-12-18
263,159537,信创ETF,2025-12-18
271,159538,信创ETF富国,2025-12-18
306,159539,信创ETF广发,2025-12-18
225,159540,信创ETF易方达,2025-12-18
334,159541,创业板综ETF万家,2025-12-18
950,159542,工程机械ETF,2025-12-18
655,159543,国证2000ETF基金,2025-12-18
1290,159545,恒生红利低波ETF,2025-12-18
242,159546,集成电路ETF,2025-12-18
1224,159547,红利低波ETF基金,2025-12-18
1134,159549,红利低波ETF天弘,2025-12-18
625,159550,互联网ETF沪港深,2025-12-18
722,159551,机器人产业ETF,2025-12-18
1085,159552,中证2000增强ETF,2025-12-18
1096,159553,2000ETF增强,2025-12-18
817,159555,2000增强ETF,2025-12-18
1043,159556,中证2000ETF增强,2025-12-18
1004,159557,恒生医疗ETF,2025-12-18
824,159558,半导体设备ETF易方达,2025-12-18
757,159559,机器人50ETF,2025-12-18
356,159560,芯片ETF景顺,2025-12-18
1275,159561,德国ETF,2025-12-18
285,159562,黄金股ETF,2025-12-18
198,159563,创业板综ETF华夏,2025-12-18
461,159565,汽车零部件ETF,2025-12-18
54,159566,储能电池ETF,2025-12-18
1038,159567,港股创新药ETF,2025-12-18
865,159568,港股互联网ETF,2025-12-18
1117,159569,港股红利低波ETF,2025-12-18
913,159570,港股通创新药ETF,2025-12-18
624,159571,创业板200ETF富国,2025-12-18
468,159572,创业板200ETF易方达,2025-12-18
612,159573,创业板200ETF华夏,2025-12-18
486,159575,创业板200ETF银华,2025-12-18
229,159576,深证100ETF广发,2025-12-18
503,159577,美国50ETF,2025-12-18
837,159578,深证主板50ETF南方,2025-12-18
1166,159581,红利ETF基金,2025-12-18
609,159582,半导体产业ETF,2025-12-18
5,159583,通信设备ETF,2025-12-18
613,159586,计算机ETF南方,2025-12-18
1101,159587,粮食ETF广发,2025-12-18
1090,159588,石油天然气ETF,2025-12-18
1170,159589,红利ETF广发,2025-12-18
480,159590,软件50ETF,2025-12-18
645,159591,中证A50ETF,2025-12-18
513,159592,A50ETF基金,2025-12-18
643,159593,中证A50指数ETF,2025-12-18
704,159595,中证A50ETF基金,2025-12-18
524,159596,A50ETF华宝,2025-12-18
35,159597,创业板成长ETF易方达,2025-12-18
270,159599,芯片ETF基金,2025-12-18
343,159601,A50ETF,2025-12-18
501,159602,中国A50ETF,2025-12-18
34,159603,双创龙头ETF,2025-12-18
844,159605,中概互联ETF,2025-12-18
363,159606,中证500成长ETF,2025-12-18
904,159607,中概互联网ETF,2025-12-18
16,159608,稀有金属ETF,2025-12-18
658,159609,光伏龙头ETF,2025-12-18
209,159610,500ETF增强,2025-12-18
1124,159611,电力ETF,2025-12-18
1147,159612,标普500ETF,2025-12-18
1005,159613,信息安全ETF,2025-12-18
982,159615,恒生生物科技ETF,2025-12-18
679,159616,农牧ETF,2025-12-18
1022,159617,500价值ETF,2025-12-18
455,159618,光伏ETF指数基金,2025-12-18
1001,159619,基建ETF,2025-12-18
374,159620,500成长ETF,2025-12-18
617,159621,MSCIESGETF,2025-12-18
896,159622,创新药ETF沪港深,2025-12-18
537,159623,成渝经济圈ETF,2025-12-18
1184,159625,绿色电力ETF,2025-12-18
652,159627,A100ETF,2025-12-18
681,159628,国证2000ETF,2025-12-18
711,159629,1000ETF,2025-12-18
608,159630,A100ETF基金,2025-12-18
626,159631,中证A100ETF,2025-12-18
775,159632,纳斯达克ETF,2025-12-18
648,159633,中证1000ETF易方达,2025-12-18
1060,159635,基建50ETF,2025-12-18
777,159636,港股通科技30ETF,2025-12-18
81,159637,新能源车龙头ETF,2025-12-18
1285,159638,高端装备ETF,2025-12-18
435,159639,碳中和ETF南方,2025-12-18
337,159640,碳中和龙头ETF,2025-12-18
379,159641,双碳ETF,2025-12-18
375,159642,碳中和100ETF,2025-12-18
906,159643,疫苗ETF,2025-12-18
794,159645,疫苗ETF富国,2025-12-18
1119,159647,中药ETF,2025-12-18
83,159652,有色50ETF,2025-12-18
634,159653,ESG300ETF,2025-12-18
1115,159655,标普ETF,2025-12-18
187,159656,300成长ETF,2025-12-18
776,159657,疫苗ETF鹏华,2025-12-18
223,159658,数字经济ETF,2025-12-18
848,159659,纳斯达克100ETF,2025-12-18
578,159660,纳指100ETF,2025-12-18
640,159661,A100ETF嘉实,2025-12-18
813,159662,交运ETF,2025-12-18
119,159663,机床ETF,2025-12-18
224,159665,半导体龙头ETF,2025-12-18
847,159666,交通运输ETF,2025-12-18
123,159667,工业母机ETF,2025-12-18
1197,159669,绿电ETF,2025-12-18
1065,159670,消费50ETF国联安,2025-12-18
20,159671,稀有金属ETF基金,2025-12-18
1138,159672,主要消费ETF,2025-12-18
512,159673,沪深300ETF鹏华,2025-12-18
94,159675,创业板增强ETF,2025-12-18
71,159676,创业板增强ETF富国,2025-12-18
528,159677,1000增强ETF,2025-12-18
369,159678,中证500增强ETF,2025-12-18
583,159679,中证1000增强ETF,2025-12-18
664,159680,1000ETF增强,2025-12-18
52,159681,创50ETF,2025-12-18
47,159682,创业50ETF,2025-12-18
647,159685,1000增强ETF天弘,2025-12-18
559,159686,A100ETF易方达,2025-12-18
1156,159687,亚太精选ETF,2025-12-18
937,159688,恒生互联网ETF,2025-12-18
1136,159689,消费ETF南方,2025-12-18
85,159690,矿业ETF,2025-12-18
955,159691,港股红利ETF,2025-12-18
311,159692,证券ETF东财,2025-12-18
17,159695,通信ETF,2025-12-18
853,159696,纳指ETF易方达,2025-12-18
984,159697,油气ETF,2025-12-18
1122,159698,粮食ETF,2025-12-18
927,159699,恒生消费ETF,2025-12-18
235,159701,物联网ETF招商,2025-12-18
268,159703,新材料ETF,2025-12-18
366,159706,深证100ETF华安,2025-12-18
1238,159707,地产ETF,2025-12-18
1027,159708,红利ETF,2025-12-18
125,159709,物联网ETF工银,2025-12-18
942,159711,港股通ETF,2025-12-18
1070,159712,港股通50ETF,2025-12-18
186,159713,稀土ETF,2025-12-18
254,159715,稀土ETF易方达,2025-12-18
234,159716,深证100ETF华宝,2025-12-18
413,159717,ESGETF,2025-12-18
917,159718,港股医药ETF,2025-12-18
1179,159719,国企共赢ETF,2025-12-18
548,159720,智能车ETF泰康,2025-12-18
297,159721,深证100ETF永赢,2025-12-18
298,159723,科技龙头ETF,2025-12-18
195,159725,线上消费ETF,2025-12-18
1161,159726,恒生红利ETF,2025-12-18
376,159728,在线消费ETF,2025-12-18
610,159729,互联网ETF,2025-12-18
1023,159730,龙头家电ETF,2025-12-18
278,159731,石化ETF,2025-12-18
171,159732,消费电子ETF,2025-12-18
769,159735,港股消费ETF,2025-12-18
1133,159736,食品饮料ETF天弘,2025-12-18
70,159738,云计算ETF华泰柏瑞,2025-12-18
248,159739,大数据ETF,2025-12-18
833,159740,恒生科技ETF,2025-12-18
830,159741,恒生科技ETF嘉实,2025-12-18
1082,159742,恒生科技指数ETF,2025-12-18
346,159743,湖北ETF,2025-12-18
1236,159745,建材ETF,2025-12-18
957,159747,香港科技ETF,2025-12-18
730,159748,创新药ETF富国,2025-12-18
929,159750,港股科技50ETF,2025-12-18
866,159751,港股科技ETF,2025-12-18
221,159752,新能源龙头ETF,2025-12-18
107,159755,电池ETF,2025-12-18
86,159757,电池ETF景顺,2025-12-18
686,159758,红利质量ETF,2025-12-18
1024,159760,医疗健康ETF泰康,2025-12-18
153,159761,新材料50ETF,2025-12-18
361,159763,新材料ETF基金,2025-12-18
244,159766,旅游ETF,2025-12-18
148,159767,电池龙头ETF,2025-12-18
1146,159768,房地产ETF,2025-12-18
620,159770,机器人ETF,2025-12-18
131,159773,创业板科技ETF,2025-12-18
120,159775,电池ETF基金,2025-12-18
966,159776,港股通医药ETF,2025-12-18
432,159777,创科技ETF,2025-12-18
481,159778,工业互联ETF,2025-12-18
158,159779,消费电子50ETF,2025-12-18
21,159780,双创ETF,2025-12-18
25,159781,科创创业ETF,2025-12-18
30,159782,双创50ETF,2025-12-18
32,159783,科创创业50ETF,2025-12-18
290,159786,VRETF,2025-12-18
1205,159787,建材ETF易方达,2025-12-18
932,159788,港股通100ETF,2025-12-18
463,159790,碳中和ETF,2025-12-18
742,159791,300ESGETF,2025-12-18
1030,159792,港股通互联网ETF,2025-12-18
433,159793,线上消费ETF基金,2025-12-18
939,159795,智能汽车ETF基金,2025-12-18
63,159796,电池50ETF,2025-12-18
719,159797,医疗器械ETF基金,2025-12-18
1097,159798,消费ETF易方达,2025-12-18
629,159800,中证800ETF,2025-12-18
217,159801,芯片ETF龙头,2025-12-18
169,159804,创中盘88ETF,2025-12-18
241,159805,传媒ETF,2025-12-18
132,159806,新能源车ETF,2025-12-18
75,159807,科技ETF,2025-12-18
113,159808,创100ETF融通,2025-12-18
67,159810,创业板ETF浦银,2025-12-18
13,159811,5G50ETF,2025-12-18
1029,159812,黄金基金ETF,2025-12-18
211,159813,半导体ETF,2025-12-18
39,159814,创业大盘ETF,2025-12-18
60,159819,人工智能ETF,2025-12-18
482,159820,中证500ETF天弘,2025-12-18
57,159821,BOCI创业板ETF,2025-12-18
758,159822,新经济ETF,2025-12-18
101,159824,新能车ETF,2025-12-18
1064,159825,农业ETF,2025-12-18
1033,159827,农业50ETF,2025-12-18
449,159828,医疗ETF,2025-12-18
1071,159830,上海金ETF,2025-12-18
1066,159831,上海金ETF嘉实,2025-12-18
1061,159834,金ETF,2025-12-18
694,159835,创新药50ETF,2025-12-18
141,159836,创业板300ETF天弘,2025-12-18
784,159837,生物科技ETF,2025-12-18
888,159838,医药50ETF,2025-12-18
843,159839,生物药ETF,2025-12-18
105,159840,锂电池ETF,2025-12-18
383,159841,证券ETF,2025-12-18
479,159842,券商ETF,2025-12-18
1128,159843,食品饮料ETF,2025-12-18
736,159845,中证1000ETF,2025-12-18
527,159847,医疗ETF易方达,2025-12-18
301,159848,证券ETF国联安,2025-12-18
700,159849,生物科技指数ETF,2025-12-18
976,159850,恒生国企ETF,2025-12-18
599,159851,金融科技ETF,2025-12-18
423,159852,软件ETF,2025-12-18
921,159855,影视ETF,2025-12-18
325,159856,互联网龙头ETF,2025-12-18
372,159857,光伏ETF,2025-12-18
706,159858,创新药ETF南方,2025-12-18
743,159859,生物医药ETF,2025-12-18
387,159861,碳中和50ETF,2025-12-18
1129,159862,食品ETF,2025-12-18
350,159863,光伏ETF基金,2025-12-18
399,159864,光伏50ETF,2025-12-18
1284,159865,养殖ETF,2025-12-18
1020,159866,日经ETF,2025-12-18
1257,159867,畜牧ETF,2025-12-18
102,159869,游戏ETF,2025-12-18
122,159870,化工ETF,2025-12-18
98,159871,有色金属ETF,2025-12-18
787,159872,智能网联汽车ETF,2025-12-18
785,159873,医疗设备ETF,2025-12-18
151,159875,新能源ETF,2025-12-18
89,159876,有色龙头ETF,2025-12-18
778,159877,医疗ETF南方,2025-12-18
69,159880,有色ETF基金,2025-12-18
88,159881,有色60ETF,2025-12-18
779,159883,医疗器械ETF,2025-12-18
811,159885,碳中和ETF基金,2025-12-18
597,159886,机械ETF,2025-12-18
1185,159887,银行ETF,2025-12-18
680,159888,智能车ETF,2025-12-18
724,159889,智能汽车ETF,2025-12-18
193,159890,云计算ETF,2025-12-18
690,159891,医疗ETF基金,2025-12-18
986,159892,恒生医药ETF,2025-12-18
338,159895,物联网ETF易方达,2025-12-18
272,159896,物联网ETF南方,2025-12-18
1052,159898,医疗器械指数ETF,2025-12-18
529,159899,软件龙头ETF,2025-12-18
207,159901,深证100ETF,2025-12-18
496,159902,中小100ETF,2025-12-18
206,159903,深成ETF,2025-12-18
810,159905,深红利ETF,2025-12-18
10,159906,深成长ETF大成,2025-12-18
721,159907,2000ETF,2025-12-18
127,159908,创业板ETF博时,2025-12-18
43,159909,TMT50ETF,2025-12-18
702,159910,基本面120ETF,2025-12-18
232,159912,深300ETF,2025-12-18
689,159913,深价值ETF,2025-12-18
68,159915,创业板ETF,2025-12-18
1035,159916,深F60ETF,2025-12-18
518,159918,中创400ETF,2025-12-18
494,159919,沪深300ETF,2025-12-18
1010,159920,恒生ETF,2025-12-18
465,159922,中证500ETF,2025-12-18
555,159923,中证A100ETF基金,2025-12-18
585,159925,沪深300ETF南方,2025-12-18
1056,159928,消费ETF,2025-12-18
715,159929,医药ETF,2025-12-18
1242,159930,能源ETF,2025-12-18
901,159931,金融ETF,2025-12-18
668,159933,国投金融地产ETF,2025-12-18
1046,159934,黄金ETF,2025-12-18
392,159935,中证500ETF景顺,2025-12-18
864,159936,可选消费ETF,2025-12-18
1051,159937,黄金ETF基金,2025-12-18
636,159938,医药卫生ETF,2025-12-18
144,159939,信息技术ETF,2025-12-18
907,159940,金融地产ETF,2025-12-18
958,159941,纳指ETF,2025-12-18
233,159943,深证成指ETF,2025-12-18
166,159944,材料ETF,2025-12-18
1281,159945,能源ETF广发,2025-12-18
95,159948,创业板ETF南方,2025-12-18
44,159949,创业板50ETF,2025-12-18
72,159952,创业板ETF广发,2025-12-18
985,159954,H股ETF,2025-12-18
143,159956,创业板ETF建信,2025-12-18
93,159957,创业板ETF华夏,2025-12-18
106,159958,创业板ETF工银,2025-12-18
884,159959,央企ETF,2025-12-18
973,159960,恒生中国企业ETF,2025-12-18
341,159961,深100ETF方正富邦,2025-12-18
103,159964,创业板ETF平安,2025-12-18
874,159965,央视50ETF,2025-12-18
675,159966,创业板价值ETF,2025-12-18
8,159967,创业板成长ETF,2025-12-18
295,159968,中证500ETF博时,2025-12-18
213,159969,深100ETF银华,2025-12-18
208,159970,深100ETF工银,2025-12-18
97,159971,创业板ETF富国,2025-12-18
182,159973,民企ETF,2025-12-18
1018,159974,央企创新ETF,2025-12-18
238,159975,深100ETF招商,2025-12-18
793,159976,湾创ETF,2025-12-18
91,159977,创业板ETF天弘,2025-12-18
948,159980,有色ETF,2025-12-18
1086,159981,能源化工ETF,2025-12-18
410,159982,中证500ETF鹏华,2025-12-18
1302,159985,豆粕ETF,2025-12-18
58,159991,创大盘ETF,2025-12-18
738,159992,创新药ETF,2025-12-18
322,159993,证券ETF龙头,2025-12-18
9,159994,5GETF,2025-12-18
189,159995,芯片ETF,2025-12-18
726,159996,家电ETF,2025-12-18
126,159997,电子ETF,2025-12-18
305,159998,计算机ETF,2025-12-18
1487,300001,特锐德,2025-12-18
1488,300002,神州泰岳,2025-12-18
1489,300003,乐普医疗,2025-12-18
1490,300004,南风股份,2025-12-18
1491,300005,探路者,2025-12-18
1492,300006,莱美药业,2025-12-18
1493,300007,汉威科技,2025-12-18
1494,300008,天海防务,2025-12-18
1495,300009,安科生物,2025-12-18
1496,300010,豆神教育,2025-12-18
1497,300011,鼎汉技术,2025-12-18
1498,300012,华测检测,2025-12-18
1499,300013,新宁物流,2025-12-18
1500,300014,亿纬锂能,2025-12-18
1501,300015,爱尔眼科,2025-12-18
1502,300016,北陆药业,2025-12-18
1503,300017,网宿科技,2025-12-18
1504,300018,中元股份,2025-12-18
1505,300019,硅宝科技,2025-12-18
1506,300020,ST银江,2025-12-18
1507,300021,大禹节水,2025-12-18
1508,300022,吉峰科技,2025-12-18
1509,300024,机器人,2025-12-18
1510,300025,华星创业,2025-12-18
1511,300026,红日药业,2025-12-18
1512,300027,华谊兄弟,2025-12-18
1513,300029,*ST天龙,2025-12-18
1514,300030,阳普医疗,2025-12-18
1515,300031,宝通科技,2025-12-18
1516,300032,金龙机电,2025-12-18
1517,300033,同花顺,2025-12-18
1518,300034,钢研高纳,2025-12-18
1519,300035,中科电气,2025-12-18
1520,300036,超图软件,2025-12-18
1521,300037,新宙邦,2025-12-18
1522,300039,上海凯宝,2025-12-18
1523,300040,九洲集团,2025-12-18
1524,300041,回天新材,2025-12-18
1525,300042,朗科科技,2025-12-18
1526,300043,星辉娱乐,2025-12-18
1527,300044,ST赛为,2025-12-18
1528,300045,华力创通,2025-12-18
1529,300046,台基股份,2025-12-18
1530,300047,天源迪科,2025-12-18
1531,300048,合康新能,2025-12-18
1532,300049,福瑞股份,2025-12-18
1533,300050,世纪鼎利,2025-12-18
1534,300051,琏升科技,2025-12-18
1535,300052,ST中青宝,2025-12-18
1536,300053,航宇微,2025-12-18
1537,300054,鼎龙股份,2025-12-18
1538,300055,万邦达,2025-12-18
1539,300056,中创环保,2025-12-18
1540,300057,万顺新材,2025-12-18
1541,300058,蓝色光标,2025-12-18
1542,300059,东方财富,2025-12-18
1543,300061,旗天科技,2025-12-18
1544,300062,中能电气,2025-12-18
1545,300063,天龙集团,2025-12-18
1546,300065,海兰信,2025-12-18
1547,300066,三川智慧,2025-12-18
1548,300067,安诺其,2025-12-18
1549,300068,南都电源,2025-12-18
1550,300069,金利华电,2025-12-18
1551,300070,碧水源,2025-12-18
1552,300071,福石控股,2025-12-18
1553,300072,海新能科,2025-12-18
1554,300073,当升科技,2025-12-18
1555,300074,华平股份,2025-12-18
1556,300075,数字政通,2025-12-18
1557,300076,GQY视讯,2025-12-18
1558,300077,国民技术,2025-12-18
1559,300078,思创医惠,2025-12-18
1560,300079,数码视讯,2025-12-18
1561,300080,易成新能,2025-12-18
1562,300081,恒信东方,2025-12-18
1563,300082,奥克股份,2025-12-18
1564,300083,创世纪,2025-12-18
1565,300084,海默科技,2025-12-18
1566,300085,银之杰,2025-12-18
1567,300086,康芝药业,2025-12-18
1568,300087,荃银高科,2025-12-18
1569,300088,长信科技,2025-12-18
1570,300091,金通灵,2025-12-18
1571,300092,科新机电,2025-12-18
1572,300093,*ST金刚,2025-12-18
1573,300094,国联水产,2025-12-18
1574,300095,华伍股份,2025-12-18
1575,300096,ST易联众,2025-12-18
1576,300097,ST智云,2025-12-18
1577,300098,高新兴,2025-12-18
1578,300099,尤洛卡,2025-12-18
1579,300100,双林股份,2025-12-18
1580,300101,振芯科技,2025-12-18
1581,300102,乾照光电,2025-12-18
1582,300103,达刚控股,2025-12-18
1583,300105,龙源技术,2025-12-18
1584,300106,西部牧业,2025-12-18
1585,300107,建新股份,2025-12-18
1586,300109,新开源,2025-12-18
1587,300110,华仁药业,2025-12-18
1588,300111,向日葵,2025-12-18
1589,300112,万讯自控,2025-12-18
1590,300113,顺网科技,2025-12-18
1591,300115,长盈精密,2025-12-18
1592,300118,东方日升,2025-12-18
1593,300119,瑞普生物,2025-12-18
1594,300120,经纬辉开,2025-12-18
1595,300121,阳谷华泰,2025-12-18
1596,300122,智飞生物,2025-12-18
1597,300123,亚光科技,2025-12-18
1598,300124,汇川技术,2025-12-18
1599,300125,*ST聆达,2025-12-18
1600,300126,锐奇股份,2025-12-18
1601,300127,银河磁体,2025-12-18
1602,300128,锦富技术,2025-12-18
1603,300129,泰胜风能,2025-12-18
1604,300130,新国都,2025-12-18
1605,300131,英唐智控,2025-12-18
1606,300132,青松股份,2025-12-18
1607,300133,华策影视,2025-12-18
1608,300134,大富科技,2025-12-18
1609,300135,宝利国际,2025-12-18
1610,300136,信维通信,2025-12-18
1611,300137,先河环保,2025-12-18
1612,300138,晨光生物,2025-12-18
1613,300139,晓程科技,2025-12-18
1614,300140,节能环境,2025-12-18
1615,300141,和顺电气,2025-12-18
1616,300142,沃森生物,2025-12-18
1617,300143,盈康生命,2025-12-18
1618,300144,宋城演艺,2025-12-18
1619,300145,南方泵业,2025-12-18
1620,300146,汤臣倍健,2025-12-18
1621,300147,ST香雪,2025-12-18
1622,300148,天舟文化,2025-12-18
1623,300149,睿智医药,2025-12-18
1624,300150,世纪瑞尔,2025-12-18
1625,300151,昌红科技,2025-12-18
1626,300152,ST新动力,2025-12-18
1627,300153,科泰电源,2025-12-18
1628,300154,瑞凌股份,2025-12-18
1629,300155,安居宝,2025-12-18
1630,300157,新锦动力,2025-12-18
1631,300158,振东制药,2025-12-18
1632,300159,*ST新研,2025-12-18
1633,300160,秀强股份,2025-12-18
1634,300161,华中数控,2025-12-18
1635,300162,雷曼光电,2025-12-18
1636,300163,先锋新材,2025-12-18
1637,300164,通源石油,2025-12-18
1638,300165,ST天瑞,2025-12-18
1639,300166,东方国信,2025-12-18
1640,300167,ST迪威迅,2025-12-18
1641,300168,万达信息,2025-12-18
1642,300169,天晟新材,2025-12-18
1643,300170,汉得信息,2025-12-18
1644,300171,东富龙,2025-12-18
1645,300172,中电环保,2025-12-18
1646,300173,福能东方,2025-12-18
1647,300174,元力股份,2025-12-18
1648,300175,ST朗源,2025-12-18
1649,300176,鸿特科技,2025-12-18
1650,300177,中海达,2025-12-18
1651,300179,四方达,2025-12-18
1652,300180,华峰超纤,2025-12-18
1653,300181,佐力药业,2025-12-18
1654,300182,捷成股份,2025-12-18
1655,300183,东软载波,2025-12-18
1656,300184,力源信息,2025-12-18
1657,300185,通裕重工,2025-12-18
1658,300187,永清环保,2025-12-18
1659,300188,国投智能,2025-12-18
1660,300189,神农种业,2025-12-18
1661,300190,维尔利,2025-12-18
1662,300191,潜能恒信,2025-12-18
1663,300192,科德教育,2025-12-18
1664,300193,佳士科技,2025-12-18
1665,300194,福安药业,2025-12-18
1666,300195,长荣股份,2025-12-18
1667,300196,长海股份,2025-12-18
1668,300197,节能铁汉,2025-12-18
1669,300198,ST纳川,2025-12-18
1670,300199,翰宇药业,2025-12-18
1671,300200,高盟新材,2025-12-18
1672,300201,海伦哲,2025-12-18
1673,300203,聚光科技,2025-12-18
1674,300204,舒泰神,2025-12-18
1675,300205,*ST天喻,2025-12-18
1676,300206,理邦仪器,2025-12-18
1677,300207,欣旺达,2025-12-18
1678,300209,有棵树,2025-12-18
1679,300210,森远股份,2025-12-18
1680,300211,*ST亿通,2025-12-18
1681,300212,易华录,2025-12-18
1682,300213,佳讯飞鸿,2025-12-18
1683,300214,日科化学,2025-12-18
1684,300215,电科院,2025-12-18
1685,300217,东方电热,2025-12-18
1686,300218,安利股份,2025-12-18
1687,300219,鸿利智汇,2025-12-18
1688,300220,金运激光,2025-12-18
1689,300221,银禧科技,2025-12-18
1690,300222,科大智能,2025-12-18
1691,300223,北京君正,2025-12-18
1692,300224,正海磁材,2025-12-18
1693,300225,*ST金泰,2025-12-18
1694,300226,上海钢联,2025-12-18
1695,300227,光韵达,2025-12-18
1696,300228,富瑞特装,2025-12-18
1697,300229,拓尔思,2025-12-18
1698,300230,永利股份,2025-12-18
1699,300231,银信科技,2025-12-18
1700,300232,洲明科技,2025-12-18
1701,300233,金城医药,2025-12-18
1702,300234,开尔新材,2025-12-18
1703,300235,方直科技,2025-12-18
1704,300236,上海新阳,2025-12-18
1705,300237,ST美晨,2025-12-18
1706,300238,冠昊生物,2025-12-18
1707,300239,东宝生物,2025-12-18
1708,300240,飞力达,2025-12-18
1709,300241,瑞丰光电,2025-12-18
1710,300242,佳云科技,2025-12-18
1711,300243,瑞丰高材,2025-12-18
1712,300244,迪安诊断,2025-12-18
1713,300245,天玑科技,2025-12-18
1714,300246,宝莱特,2025-12-18
1715,300247,融捷健康,2025-12-18
1716,300248,新开普,2025-12-18
1717,300249,依米康,2025-12-18
1718,300250,初灵信息,2025-12-18
1719,300251,光线传媒,2025-12-18
1720,300252,金信诺,2025-12-18
1721,300253,卫宁健康,2025-12-18
1722,300254,仟源医药,2025-12-18
1723,300255,常山药业,2025-12-18
1724,300256,星星科技,2025-12-18
1725,300257,开山股份,2025-12-18
1726,300258,精锻科技,2025-12-18
1727,300259,新天科技,2025-12-18
1728,300260,新莱应材,2025-12-18
1729,300261,雅本化学,2025-12-18
1730,300263,隆华科技,2025-12-18
1731,300264,佳创视讯,2025-12-18
1732,300265,通光线缆,2025-12-18
1733,300266,兴源环境,2025-12-18
1734,300267,尔康制药,2025-12-18
1735,300268,*ST佳沃,2025-12-18
1736,300269,联建光电,2025-12-18
1737,300270,中威电子,2025-12-18
1738,300271,华宇软件,2025-12-18
1739,300272,开能健康,2025-12-18
1740,300274,阳光电源,2025-12-18
1741,300275,梅安森,2025-12-18
1742,300276,三丰智能,2025-12-18
1743,300277,海联讯,2025-12-18
1744,300278,华昌达,2025-12-18
1745,300279,和晶科技,2025-12-18
1746,300281,金明精机,2025-12-18
1747,300283,温州宏丰,2025-12-18
1748,300284,苏交科,2025-12-18
1749,300285,国瓷材料,2025-12-18
1750,300286,安科瑞,2025-12-18
1751,300287,飞利信,2025-12-18
1752,300288,朗玛信息,2025-12-18
1753,300289,利德曼,2025-12-18
1754,300290,荣科科技,2025-12-18
1755,300291,百纳千成,2025-12-18
1756,300292,吴通控股,2025-12-18
1757,300293,蓝英装备,2025-12-18
1758,300294,博雅生物,2025-12-18
1759,300295,三六五网,2025-12-18
1760,300296,利亚德,2025-12-18
1761,300298,三诺生物,2025-12-18
1762,300299,富春股份,2025-12-18
1763,300300,海峡创新,2025-12-18
1764,300301,ST长方,2025-12-18
1765,300302,同有科技,2025-12-18
1766,300303,聚飞光电,2025-12-18
1767,300304,云意电气,2025-12-18
1768,300305,裕兴股份,2025-12-18
1769,300306,远方信息,2025-12-18
1770,300307,慈星股份,2025-12-18
1771,300308,中际旭创,2025-12-18
1772,300310,宜通世纪,2025-12-18
1773,300311,ST任子行,2025-12-18
1774,300313,*ST天山,2025-12-18
1775,300314,戴维医疗,2025-12-18
1776,300315,掌趣科技,2025-12-18
1777,300316,晶盛机电,2025-12-18
1778,300317,珈伟新能,2025-12-18
1779,300318,博晖创新,2025-12-18
1780,300319,麦捷科技,2025-12-18
1781,300320,海达股份,2025-12-18
1782,300321,同大股份,2025-12-18
1783,300322,硕贝德,2025-12-18
1784,300323,华灿光电,2025-12-18
1785,300324,旋极信息,2025-12-18
1786,300326,ST凯利,2025-12-18
1787,300327,中颖电子,2025-12-18
1788,300328,宜安科技,2025-12-18
1789,300329,海伦钢琴,2025-12-18
1790,300331,苏大维格,2025-12-18
1791,300332,天壕能源,2025-12-18
1792,300333,兆日科技,2025-12-18
1793,300334,津膜科技,2025-12-18
1794,300335,迪森股份,2025-12-18
1795,300337,银邦股份,2025-12-18
1796,300338,ST开元,2025-12-18
1797,300339,润和软件,2025-12-18
1798,300340,科恒股份,2025-12-18
1799,300341,麦克奥迪,2025-12-18
1800,300342,天银机电,2025-12-18
1801,300343,ST联创,2025-12-18
1802,300344,*ST立方,2025-12-18
1803,300345,华民股份,2025-12-18
1804,300346,南大光电,2025-12-18
1805,300347,泰格医药,2025-12-18
1806,300348,长亮科技,2025-12-18
1807,300349,金卡智能,2025-12-18
1808,300350,华鹏飞,2025-12-18
1809,300351,永贵电器,2025-12-18
1810,300352,北信源,2025-12-18
1811,300353,东土科技,2025-12-18
1812,300354,东华测试,2025-12-18
1813,300355,蒙草生态,2025-12-18
1814,300357,我武生物,2025-12-18
1815,300358,楚天科技,2025-12-18
1816,300359,全通教育,2025-12-18
1817,300360,炬华科技,2025-12-18
1818,300363,博腾股份,2025-12-18
1819,300364,中文在线,2025-12-18
1820,300365,恒华科技,2025-12-18
1821,300366,ST创意,2025-12-18
1822,300368,汇金股份,2025-12-18
1823,300369,绿盟科技,2025-12-18
1824,300370,安控科技,2025-12-18
1825,300371,汇中股份,2025-12-18
1826,300373,扬杰科技,2025-12-18
1827,300374,中铁装配,2025-12-18
1828,300375,鹏翎股份,2025-12-18
1829,300376,ST易事特,2025-12-18
1830,300377,赢时胜,2025-12-18
1831,300378,鼎捷数智,2025-12-18
1832,300379,*ST东通,2025-12-18
1833,300380,安硕信息,2025-12-18
1834,300381,溢多利,2025-12-18
1835,300382,斯莱克,2025-12-18
1836,300383,光环新网,2025-12-18
1837,300384,三联虹普,2025-12-18
1838,300385,雪浪环境,2025-12-18
1839,300386,飞天诚信,2025-12-18
1840,300387,富邦科技,2025-12-18
1841,300388,节能国祯,2025-12-18
1842,300389,艾比森,2025-12-18
1843,300390,天华新能,2025-12-18
1844,300391,*ST长药,2025-12-18
1845,300393,中来股份,2025-12-18
1846,300394,天孚通信,2025-12-18
1847,300395,菲利华,2025-12-18
1848,300396,迪瑞医疗,2025-12-18
1849,300397,天和防务,2025-12-18
1850,300398,飞凯材料,2025-12-18
1851,300399,天利科技,2025-12-18
1852,300400,劲拓股份,2025-12-18
1853,300401,花园生物,2025-12-18
1854,300402,宝色股份,2025-12-18
1855,300403,汉宇集团,2025-12-18
1856,300404,博济医药,2025-12-18
1857,300405,科隆股份,2025-12-18
1858,300406,九强生物,2025-12-18
1859,300407,凯发电气,2025-12-18
1860,300408,三环集团,2025-12-18
1861,300409,道氏技术,2025-12-18
1862,300410,正业科技,2025-12-18
1863,300411,金盾股份,2025-12-18
1864,300412,迦南科技,2025-12-18
1865,300413,芒果超媒,2025-12-18
1866,300414,中光防雷,2025-12-18
1867,300415,伊之密,2025-12-18
1868,300416,苏试试验,2025-12-18
1869,300417,南华仪器,2025-12-18
1870,300418,昆仑万维,2025-12-18
1871,300419,ST浩丰,2025-12-18
1872,300420,五洋自控,2025-12-18
1873,300421,力星股份,2025-12-18
1874,300422,博世科,2025-12-18
1875,300423,昇辉科技,2025-12-18
1876,300424,航新科技,2025-12-18
1877,300425,中建环能,2025-12-18
1878,300426,华智数媒,2025-12-18
1879,300427,红相股份,2025-12-18
1880,300428,立中集团,2025-12-18
1881,300429,强力新材,2025-12-18
1882,300430,诚益通,2025-12-18
1883,300432,富临精工,2025-12-18
1884,300433,蓝思科技,2025-12-18
1885,300434,金石亚药,2025-12-18
1886,300435,中泰股份,2025-12-18
1887,300436,广生堂,2025-12-18
1888,300437,清水源,2025-12-18
1889,300438,鹏辉能源,2025-12-18
1890,300439,美康生物,2025-12-18
1891,300440,运达科技,2025-12-18
1892,300441,鲍斯股份,2025-12-18
1893,300442,润泽科技,2025-12-18
1894,300443,金雷股份,2025-12-18
1895,300444,双杰电气,2025-12-18
1896,300445,康斯特,2025-12-18
1897,300446,航天智造,2025-12-18
1898,300447,全信股份,2025-12-18
1899,300448,浩云科技,2025-12-18
1900,300449,汉邦高科,2025-12-18
1901,300450,先导智能,2025-12-18
1902,300451,创业慧康,2025-12-18
1903,300452,山河药辅,2025-12-18
1904,300453,三鑫医疗,2025-12-18
1905,300454,深信服,2025-12-18
1906,300455,航天智装,2025-12-18
1907,300456,赛微电子,2025-12-18
1908,300457,赢合科技,2025-12-18
1909,300458,全志科技,2025-12-18
1910,300459,汤姆猫,2025-12-18
1911,300460,ST惠伦,2025-12-18
1912,300461,田中精机,2025-12-18
1913,300462,ST华铭,2025-12-18
1914,300463,迈克生物,2025-12-18
1915,300464,星徽股份,2025-12-18
1916,300465,高伟达,2025-12-18
1917,300466,赛摩智能,2025-12-18
1918,300467,迅游科技,2025-12-18
1919,300468,四方精创,2025-12-18
1920,300469,信息发展,2025-12-18
1921,300470,中密控股,2025-12-18
1922,300471,厚普股份,2025-12-18
1923,300472,*ST新元,2025-12-18
1924,300473,德尔股份,2025-12-18
1925,300474,景嘉微,2025-12-18
1926,300475,香农芯创,2025-12-18
1927,300476,胜宏科技,2025-12-18
1928,300477,ST合纵,2025-12-18
1929,300478,杭州高新,2025-12-18
1930,300479,神思电子,2025-12-18
1931,300480,光力科技,2025-12-18
1932,300481,濮阳惠成,2025-12-18
1933,300482,万孚生物,2025-12-18
1934,300483,首华燃气,2025-12-18
1935,300484,蓝海华腾,2025-12-18
1936,300485,赛升药业,2025-12-18
1937,300486,东杰智能,2025-12-18
1938,300487,蓝晓科技,2025-12-18
1939,300488,恒锋工具,2025-12-18
1940,300489,光智科技,2025-12-18
1941,300490,华自科技,2025-12-18
1942,300491,通合科技,2025-12-18
1943,300492,华图山鼎,2025-12-18
1944,300493,润欣科技,2025-12-18
1945,300494,盛天网络,2025-12-18
1946,300496,中科创达,2025-12-18
1947,300497,富祥药业,2025-12-18
1948,300498,温氏股份,2025-12-18
1949,300499,高澜股份,2025-12-18
1950,300500,启迪设计,2025-12-18
1951,300501,海顺新材,2025-12-18
1952,300502,新易盛,2025-12-18
1953,300503,昊志机电,2025-12-18
1954,300504,天邑股份,2025-12-18
1955,300505,川金诺,2025-12-18
1956,300506,*ST名家,2025-12-18
1957,300507,苏奥传感,2025-12-18
1958,300508,维宏股份,2025-12-18
1959,300509,新美星,2025-12-18
1960,300510,金冠股份,2025-12-18
1961,300511,雪榕生物,2025-12-18
1962,300512,中亚股份,2025-12-18
1963,300513,恒实科技,2025-12-18
1964,300514,友讯达,2025-12-18
1965,300515,三德科技,2025-12-18
1966,300516,久之洋,2025-12-18
1967,300517,海波重科,2025-12-18
1968,300518,新迅达,2025-12-18
1969,300519,新光药业,2025-12-18
1970,300520,科大国创,2025-12-18
1971,300521,爱司凯,2025-12-18
1972,300522,世名科技,2025-12-18
1973,300523,辰安科技,2025-12-18
1974,300525,博思软件,2025-12-18
1975,300527,ST应急,2025-12-18
1976,300528,幸福蓝海,2025-12-18
1977,300529,健帆生物,2025-12-18
1978,300530,领湃科技,2025-12-18
1979,300531,优博讯,2025-12-18
1980,300532,今天国际,2025-12-18
1981,300533,冰川网络,2025-12-18
1982,300534,陇神戎发,2025-12-18
1983,300535,达威股份,2025-12-18
1984,300536,农尚环境,2025-12-18
1985,300537,广信材料,2025-12-18
1986,300538,同益股份,2025-12-18
1987,300539,横河精密,2025-12-18
1988,300540,蜀道装备,2025-12-18
1989,300541,先进数通,2025-12-18
1990,300542,新晨科技,2025-12-18
1991,300543,朗科智能,2025-12-18
1992,300545,联得装备,2025-12-18
1993,300546,雄帝科技,2025-12-18
1994,300547,川环科技,2025-12-18
1995,300548,长芯博创,2025-12-18
1996,300549,优德精密,2025-12-18
1997,300550,和仁科技,2025-12-18
1998,300551,古鳌科技,2025-12-18
1999,300552,万集科技,2025-12-18
2000,300553,集智股份,2025-12-18
2001,300554,三超新材,2025-12-18
2002,300555,ST路通,2025-12-18
2003,300556,丝路视觉,2025-12-18
2004,300557,理工光科,2025-12-18
2005,300558,贝达药业,2025-12-18
2006,300559,佳发教育,2025-12-18
2007,300560,中富通,2025-12-18
2008,300561,*ST汇科,2025-12-18
2009,300562,乐心医疗,2025-12-18
2010,300563,神宇股份,2025-12-18
2011,300564,筑博设计,2025-12-18
2012,300565,科信技术,2025-12-18
2013,300566,激智科技,2025-12-18
2014,300567,精测电子,2025-12-18
2015,300568,星源材质,2025-12-18
2016,300569,天能重工,2025-12-18
2017,300570,太辰光,2025-12-18
2018,300571,平治信息,2025-12-18
2019,300572,安车检测,2025-12-18
2020,300573,兴齐眼药,2025-12-18
2021,300575,中旗股份,2025-12-18
2022,300576,容大感光,2025-12-18
2023,300577,开润股份,2025-12-18
2024,300578,会畅通讯,2025-12-18
2025,300579,数字认证,2025-12-18
2026,300580,贝斯特,2025-12-18
2027,300581,晨曦航空,2025-12-18
2028,300582,英飞特,2025-12-18
2029,300583,赛托生物,2025-12-18
2030,300584,海辰药业,2025-12-18
2031,300585,奥联电子,2025-12-18
2032,300586,美联新材,2025-12-18
2033,300587,天铁科技,2025-12-18
2034,300588,熙菱信息,2025-12-18
2035,300589,江龙船艇,2025-12-18
2036,300590,移为通信,2025-12-18
2037,300591,万里马,2025-12-18
2038,300592,华凯易佰,2025-12-18
2039,300593,新雷能,2025-12-18
2040,300594,朗进科技,2025-12-18
2041,300595,欧普康视,2025-12-18
2042,300596,利安隆,2025-12-18
2043,300597,吉大通信,2025-12-18
2044,300598,诚迈科技,2025-12-18
2045,300599,雄塑科技,2025-12-18
2046,300600,国瑞科技,2025-12-18
2047,300601,康泰生物,2025-12-18
2048,300602,飞荣达,2025-12-18
2049,300603,立昂技术,2025-12-18
2050,300604,长川科技,2025-12-18
2051,300605,恒锋信息,2025-12-18
2052,300606,金太阳,2025-12-18
2053,300607,拓斯达,2025-12-18
2054,300608,思特奇,2025-12-18
2055,300609,汇纳科技,2025-12-18
2056,300610,晨化股份,2025-12-18
2057,300611,美力科技,2025-12-18
2058,300612,宣亚国际,2025-12-18
2059,300613,富瀚微,2025-12-18
2060,300614,百川畅银,2025-12-18
2061,300615,欣天科技,2025-12-18
2062,300616,尚品宅配,2025-12-18
2063,300617,安靠智电,2025-12-18
2064,300618,寒锐钴业,2025-12-18
2065,300619,金银河,2025-12-18
2066,300620,光库科技,2025-12-18
2067,300621,维业股份,2025-12-18
2068,300622,博士眼镜,2025-12-18
2069,300623,捷捷微电,2025-12-18
2070,300624,万兴科技,2025-12-18
2071,300625,三雄极光,2025-12-18
2072,300626,华瑞股份,2025-12-18
2073,300627,华测导航,2025-12-18
2074,300628,亿联网络,2025-12-18
2075,300629,新劲刚,2025-12-18
2076,300631,久吾高科,2025-12-18
2077,300632,光莆股份,2025-12-18
2078,300633,开立医疗,2025-12-18
2079,300634,彩讯股份,2025-12-18
2080,300635,中达安,2025-12-18
2081,300636,同和药业,2025-12-18
2082,300637,扬帆新材,2025-12-18
2083,300638,广和通,2025-12-18
2084,300639,凯普生物,2025-12-18
2085,300640,德艺文创,2025-12-18
2086,300641,正丹股份,2025-12-18
2087,300642,透景生命,2025-12-18
2088,300643,万通智控,2025-12-18
2089,300644,南京聚隆,2025-12-18
2090,300645,正元智慧,2025-12-18
2091,300647,超频三,2025-12-18
2092,300648,星云股份,2025-12-18
2093,300649,杭州园林,2025-12-18
2094,300650,太龙股份,2025-12-18
2095,300651,金陵体育,2025-12-18
2096,300652,雷迪克,2025-12-18
2097,300653,正海生物,2025-12-18
2098,300654,世纪天鸿,2025-12-18
2099,300655,晶瑞电材,2025-12-18
2100,300656,民德电子,2025-12-18
2101,300657,弘信电子,2025-12-18
2102,300658,延江股份,2025-12-18
2103,300659,中孚信息,2025-12-18
2104,300660,江苏雷利,2025-12-18
2105,300661,圣邦股份,2025-12-18
2106,300662,科锐国际,2025-12-18
2107,300663,科蓝软件,2025-12-18
2108,300664,鹏鹞环保,2025-12-18
2109,300665,飞鹿股份,2025-12-18
2110,300666,江丰电子,2025-12-18
2111,300667,必创科技,2025-12-18
2112,300668,杰恩设计,2025-12-18
2113,300669,沪宁股份,2025-12-18
2114,300670,大烨智能,2025-12-18
2115,300671,富满微,2025-12-18
2116,300672,国科微,2025-12-18
2117,300673,佩蒂股份,2025-12-18
2118,300674,宇信科技,2025-12-18
2119,300675,建科院,2025-12-18
2120,300676,华大基因,2025-12-18
2121,300677,英科医疗,2025-12-18
2122,300678,中科信息,2025-12-18
2123,300679,电连技术,2025-12-18
2124,300680,隆盛科技,2025-12-18
2125,300681,英搏尔,2025-12-18
2126,300682,朗新集团,2025-12-18
2127,300683,海特生物,2025-12-18
2128,300684,中石科技,2025-12-18
2129,300685,艾德生物,2025-12-18
2130,300686,智动力,2025-12-18
2131,300687,赛意信息,2025-12-18
2132,300688,创业黑马,2025-12-18
2133,300689,澄天伟业,2025-12-18
2134,300690,双一科技,2025-12-18
2135,300691,联合光电,2025-12-18
2136,300692,中环环保,2025-12-18
2137,300693,盛弘股份,2025-12-18
2138,300694,蠡湖股份,2025-12-18
2139,300695,兆丰股份,2025-12-18
2140,300696,爱乐达,2025-12-18
2141,300697,电工合金,2025-12-18
2142,300698,万马科技,2025-12-18
2143,300699,光威复材,2025-12-18
2144,300700,岱勒新材,2025-12-18
2145,300701,森霸传感,2025-12-18
2146,300702,天宇股份,2025-12-18
2147,300703,创源股份,2025-12-18
2148,300705,九典制药,2025-12-18
2149,300706,阿石创,2025-12-18
2150,300707,威唐工业,2025-12-18
2151,300708,聚灿光电,2025-12-18
2152,300709,精研科技,2025-12-18
2153,300710,万隆光电,2025-12-18
2154,300711,广哈通信,2025-12-18
2155,300712,永福股份,2025-12-18
2156,300713,英可瑞,2025-12-18
2157,300715,凯伦股份,2025-12-18
2158,300716,ST泉为,2025-12-18
2159,300717,华信新材,2025-12-18
2160,300718,长盛轴承,2025-12-18
2161,300719,安达维尔,2025-12-18
2162,300720,海川智能,2025-12-18
2163,300721,怡达股份,2025-12-18
2164,300722,新余国科,2025-12-18
2165,300723,一品红,2025-12-18
2166,300724,捷佳伟创,2025-12-18
2167,300725,药石科技,2025-12-18
2168,300726,宏达电子,2025-12-18
2169,300727,润禾材料,2025-12-18
2170,300729,乐歌股份,2025-12-18
2171,300730,科创信息,2025-12-18
2172,300731,科创新源,2025-12-18
2173,300732,设研院,2025-12-18
2174,300733,西菱动力,2025-12-18
2175,300735,光弘科技,2025-12-18
2176,300736,百邦科技,2025-12-18
2177,300737,科顺股份,2025-12-18
2178,300738,奥飞数据,2025-12-18
2179,300739,明阳电路,2025-12-18
2180,300740,水羊股份,2025-12-18
2181,300741,华宝股份,2025-12-18
2182,300743,天地数码,2025-12-18
2183,300745,欣锐科技,2025-12-18
2184,300746,汉嘉设计,2025-12-18
2185,300747,锐科激光,2025-12-18
2186,300748,金力永磁,2025-12-18
2187,300749,顶固集创,2025-12-18
2188,300750,宁德时代,2025-12-18
2189,300751,迈为股份,2025-12-18
2190,300752,隆利科技,2025-12-18
2191,300753,爱朋医疗,2025-12-18
2192,300755,华致酒行,2025-12-18
2193,300756,金马游乐,2025-12-18
2194,300757,罗博特科,2025-12-18
2195,300758,七彩化学,2025-12-18
2196,300759,康龙化成,2025-12-18
2197,300760,迈瑞医疗,2025-12-18
2198,300761,立华股份,2025-12-18
2199,300762,上海瀚讯,2025-12-18
2200,300763,锦浪科技,2025-12-18
2201,300765,新诺威,2025-12-18
2202,300766,每日互动,2025-12-18
2203,300767,震安科技,2025-12-18
2204,300768,迪普科技,2025-12-18
2205,300769,德方纳米,2025-12-18
2206,300770,新媒股份,2025-12-18
2207,300771,智莱科技,2025-12-18
2208,300772,运达股份,2025-12-18
2209,300773,拉卡拉,2025-12-18
2210,300774,倍杰特,2025-12-18
2211,300775,三角防务,2025-12-18
2212,300776,帝尔激光,2025-12-18
2213,300777,中简科技,2025-12-18
2214,300778,新城市,2025-12-18
2215,300779,惠城环保,2025-12-18
2216,300780,德恩精工,2025-12-18
2217,300781,因赛集团,2025-12-18
2218,300782,卓胜微,2025-12-18
2219,300783,三只松鼠,2025-12-18
2220,300784,利安科技,2025-12-18
2221,300785,值得买,2025-12-18
2222,300786,国林科技,2025-12-18
2223,300787,海能实业,2025-12-18
2224,300788,中信出版,2025-12-18
2225,300789,唐源电气,2025-12-18
2226,300790,宇瞳光学,2025-12-18
2227,300791,仙乐健康,2025-12-18
2228,300792,壹网壹创,2025-12-18
2229,300793,佳禾智能,2025-12-18
2230,300795,米奥会展,2025-12-18
2231,300796,贝斯美,2025-12-18
2232,300797,钢研纳克,2025-12-18
2233,300798,锦鸡股份,2025-12-18
2234,300800,力合科技,2025-12-18
2235,300801,泰和科技,2025-12-18
2236,300802,矩子科技,2025-12-18
2237,300803,指南针,2025-12-18
2238,300804,广康生化,2025-12-18
2239,300805,电声股份,2025-12-18
2240,300806,斯迪克,2025-12-18
2241,300807,天迈科技,2025-12-18
2242,300808,久量股份,2025-12-18
2243,300809,华辰装备,2025-12-18
2244,300810,中科海讯,2025-12-18
2245,300811,铂科新材,2025-12-18
2246,300812,易天股份,2025-12-18
2247,300813,泰林生物,2025-12-18
2248,300814,中富电路,2025-12-18
2249,300815,玉禾田,2025-12-18
2250,300816,艾可蓝,2025-12-18
2251,300817,双飞集团,2025-12-18
2252,300818,耐普矿机,2025-12-18
2253,300819,聚杰微纤,2025-12-18
2254,300820,英杰电气,2025-12-18
2255,300821,东岳硅材,2025-12-18
2256,300822,贝仕达克,2025-12-18
2257,300823,建科智能,2025-12-18
2258,300824,北鼎股份,2025-12-18
2259,300825,阿尔特,2025-12-18
2260,300826,测绘股份,2025-12-18
2261,300827,上能电气,2025-12-18
2262,300828,锐新科技,2025-12-18
2263,300829,金丹科技,2025-12-18
2264,300830,金现代,2025-12-18
2265,300831,派瑞股份,2025-12-18
2266,300832,新产业,2025-12-18
2267,300833,浩洋股份,2025-12-18
2268,300834,星辉环材,2025-12-18
2269,300835,龙磁科技,2025-12-18
2270,300836,佰奥智能,2025-12-18
2271,300837,浙矿股份,2025-12-18
2272,300838,浙江力诺,2025-12-18
2273,300839,博汇股份,2025-12-18
2274,300840,酷特智能,2025-12-18
2275,300841,康华生物,2025-12-18
2276,300842,帝科股份,2025-12-18
2277,300843,胜蓝股份,2025-12-18
2278,300844,山水比德,2025-12-18
2279,300845,捷安高科,2025-12-18
2280,300846,首都在线,2025-12-18
2281,300847,中船汉光,2025-12-18
2282,300848,美瑞新材,2025-12-18
2283,300849,锦盛新材,2025-12-18
2284,300850,新强联,2025-12-18
2285,300851,交大思诺,2025-12-18
2286,300852,四会富仕,2025-12-18
2287,300853,申昊科技,2025-12-18
2288,300854,中兰环保,2025-12-18
2289,300855,图南股份,2025-12-18
2290,300856,科思股份,2025-12-18
2291,300857,协创数据,2025-12-18
2292,300858,科拓生物,2025-12-18
2293,300859,西域旅游,2025-12-18
2294,300860,锋尚文化,2025-12-18
2295,300861,美畅股份,2025-12-18
2296,300862,蓝盾光电,2025-12-18
2297,300863,卡倍亿,2025-12-18
2298,300864,南大环境,2025-12-18
2299,300865,大宏立,2025-12-18
2300,300866,安克创新,2025-12-18
2301,300867,圣元环保,2025-12-18
2302,300868,杰美特,2025-12-18
2303,300869,康泰医学,2025-12-18
2304,300870,欧陆通,2025-12-18
2305,300871,回盛生物,2025-12-18
2306,300872,天阳科技,2025-12-18
2307,300873,海晨股份,2025-12-18
2308,300875,捷强装备,2025-12-18
2309,300876,蒙泰高新,2025-12-18
2310,300877,金春股份,2025-12-18
2311,300878,维康药业,2025-12-18
2312,300879,大叶股份,2025-12-18
2313,300880,迦南智能,2025-12-18
2314,300881,盛德鑫泰,2025-12-18
2315,300882,万胜智能,2025-12-18
2316,300883,龙利得,2025-12-18
2317,300884,狄耐克,2025-12-18
2318,300885,海昌新材,2025-12-18
2319,300886,华业香料,2025-12-18
2320,300887,谱尼测试,2025-12-18
2321,300888,稳健医疗,2025-12-18
2322,300889,爱克股份,2025-12-18
2323,300890,翔丰华,2025-12-18
2324,300891,惠云钛业,2025-12-18
2325,300892,品渥食品,2025-12-18
2326,300893,松原安全,2025-12-18
2327,300894,火星人,2025-12-18
2328,300895,铜牛信息,2025-12-18
2329,300896,爱美客,2025-12-18
2330,300897,山科智能,2025-12-18
2331,300898,熊猫乳品,2025-12-18
2332,300899,*ST凯鑫,2025-12-18
2333,300900,广联航空,2025-12-18
2334,300901,中胤时尚,2025-12-18
2335,300902,国安达,2025-12-18
2336,300903,科翔股份,2025-12-18
2337,300904,威力传动,2025-12-18
2338,300905,宝丽迪,2025-12-18
2339,300906,日月明,2025-12-18
2340,300907,康平科技,2025-12-18
2341,300908,仲景食品,2025-12-18
2342,300909,汇创达,2025-12-18
2343,300910,瑞丰新材,2025-12-18
2344,300911,亿田智能,2025-12-18
2345,300912,凯龙高科,2025-12-18
2346,300913,兆龙互连,2025-12-18
2347,300915,海融科技,2025-12-18
2348,300916,朗特智能,2025-12-18
2349,300917,特发服务,2025-12-18
2350,300918,南山智尚,2025-12-18
2351,300919,中伟股份,2025-12-18
2352,300920,润阳科技,2025-12-18
2353,300921,南凌科技,2025-12-18
2354,300922,天秦装备,2025-12-18
2355,300923,研奥股份,2025-12-18
2356,300925,法本信息,2025-12-18
2357,300926,博俊科技,2025-12-18
2358,300927,江天化学,2025-12-18
2359,300928,华安鑫创,2025-12-18
2360,300929,华骐环保,2025-12-18
2361,300930,屹通新材,2025-12-18
2362,300931,通用电梯,2025-12-18
2363,300932,三友联众,2025-12-18
2364,300933,中辰股份,2025-12-18
2365,300935,盈建科,2025-12-18
2366,300936,中英科技,2025-12-18
2367,300937,药易购,2025-12-18
2368,300938,信测标准,2025-12-18
2369,300939,秋田微,2025-12-18
2370,300940,南极光,2025-12-18
2371,300941,创识科技,2025-12-18
2372,300942,易瑞生物,2025-12-18
2373,300943,春晖智控,2025-12-18
2374,300945,曼卡龙,2025-12-18
2375,300946,恒而达,2025-12-18
2376,300947,德必集团,2025-12-18
2377,300948,冠中生态,2025-12-18
2378,300949,奥雅股份,2025-12-18
2379,300950,德固特,2025-12-18
2380,300951,博硕科技,2025-12-18
2381,300952,恒辉安防,2025-12-18
2382,300953,震裕科技,2025-12-18
2383,300955,嘉亨家化,2025-12-18
2384,300956,英力股份,2025-12-18
2385,300957,贝泰妮,2025-12-18
2386,300958,建工修复,2025-12-18
2387,300959,线上线下,2025-12-18
2388,300960,通业科技,2025-12-18
2389,300961,深水海纳,2025-12-18
2390,300962,中金辐照,2025-12-18
2391,300963,中洲特材,2025-12-18
2392,300964,本川智能,2025-12-18
2393,300965,恒宇信通,2025-12-18
2394,300966,共同药业,2025-12-18
2395,300967,晓鸣股份,2025-12-18
2396,300968,格林精密,2025-12-18
2397,300969,恒帅股份,2025-12-18
2398,300970,华绿生物,2025-12-18
2399,300971,博亚精工,2025-12-18
2400,300972,万辰集团,2025-12-18
2401,300973,立高食品,2025-12-18
2402,300975,商络电子,2025-12-18
2403,300976,达瑞电子,2025-12-18
2404,300977,深圳瑞捷,2025-12-18
2405,300978,东箭科技,2025-12-18
2406,300979,华利集团,2025-12-18
2407,300980,祥源新材,2025-12-18
2408,300981,中红医疗,2025-12-18
2409,300982,苏文电能,2025-12-18
2410,300983,尤安设计,2025-12-18
2411,300984,金沃股份,2025-12-18
2412,300985,致远新能,2025-12-18
2413,300986,志特新材,2025-12-18
2414,300987,川网传媒,2025-12-18
2415,300988,津荣天宇,2025-12-18
2416,300989,蕾奥规划,2025-12-18
2417,300990,同飞股份,2025-12-18
2418,300991,创益通,2025-12-18
2419,300992,泰福泵业,2025-12-18
2420,300993,玉马科技,2025-12-18
2421,300994,久祺股份,2025-12-18
2422,300995,奇德新材,2025-12-18
2423,300996,普联软件,2025-12-18
2424,300997,欢乐家,2025-12-18
2425,300998,宁波方正,2025-12-18
2426,300999,金龙鱼,2025-12-18
2427,301000,肇民科技,2025-12-18
2428,301001,凯淳股份,2025-12-18
2429,301002,崧盛股份,2025-12-18
2430,301003,江苏博云,2025-12-18
2431,301004,嘉益股份,2025-12-18
2432,301005,超捷股份,2025-12-18
2433,301006,迈拓股份,2025-12-18
2434,301007,德迈仕,2025-12-18
2435,301008,宏昌科技,2025-12-18
2436,301009,可靠股份,2025-12-18
2437,301010,晶雪节能,2025-12-18
2438,301011,华立科技,2025-12-18
2439,301012,扬电科技,2025-12-18
2440,301013,利和兴,2025-12-18
2441,301015,百洋医药,2025-12-18
2442,301016,雷尔伟,2025-12-18
2443,301017,漱玉平民,2025-12-18
2444,301018,申菱环境,2025-12-18
2445,301019,宁波色母,2025-12-18
2446,301020,密封科技,2025-12-18
2447,301021,英诺激光,2025-12-18
2448,301022,海泰科,2025-12-18
2449,301023,奕帆传动,2025-12-18
2450,301024,霍普股份,2025-12-18
2451,301025,读客文化,2025-12-18
2452,301026,浩通科技,2025-12-18
2453,301027,华蓝集团,2025-12-18
2454,301028,东亚机械,2025-12-18
2455,301029,怡合达,2025-12-18
2456,301030,仕净科技,2025-12-18
2457,301031,中熔电气,2025-12-18
2458,301032,新柴股份,2025-12-18
2459,301033,迈普医学,2025-12-18
2460,301035,润丰股份,2025-12-18
2461,301036,双乐股份,2025-12-18
2462,301037,保立佳,2025-12-18
2463,301038,深水规院,2025-12-18
2464,301039,中集车辆,2025-12-18
2465,301040,中环海陆,2025-12-18
2466,301041,金百泽,2025-12-18
2467,301042,安联锐视,2025-12-18
2468,301043,绿岛风,2025-12-18
2469,301045,天禄科技,2025-12-18
2470,301046,能辉科技,2025-12-18
2471,301047,义翘神州,2025-12-18
2472,301048,金鹰重工,2025-12-18
2473,301049,超越科技,2025-12-18
2474,301050,雷电微力,2025-12-18
2475,301051,信濠光电,2025-12-18
2476,301052,果麦文化,2025-12-18
2477,301053,远信工业,2025-12-18
2478,301055,张小泉,2025-12-18
2479,301056,森赫股份,2025-12-18
2480,301057,汇隆新材,2025-12-18
2481,301058,中粮科工,2025-12-18
2482,301059,金三江,2025-12-18
2483,301060,兰卫医学,2025-12-18
2484,301061,匠心家居,2025-12-18
2485,301062,上海艾录,2025-12-18
2486,301063,海锅股份,2025-12-18
2487,301065,本立科技,2025-12-18
2488,301066,万事利,2025-12-18
2489,301067,显盈科技,2025-12-18
2490,301068,大地海洋,2025-12-18
2491,301069,凯盛新材,2025-12-18
2492,301070,开勒股份,2025-12-18
2493,301071,力量钻石,2025-12-18
2494,301072,中捷精工,2025-12-18
2495,301073,君亭酒店,2025-12-18
2496,301075,多瑞医药,2025-12-18
2497,301076,新瀚新材,2025-12-18
2498,301077,星华新材,2025-12-18
2499,301078,孩子王,2025-12-18
2500,301079,邵阳液压,2025-12-18
2501,301080,百普赛斯,2025-12-18
2502,301081,严牌股份,2025-12-18
2503,301082,久盛电气,2025-12-18
2504,301083,百胜智能,2025-12-18
2505,301085,亚康股份,2025-12-18
2506,301086,鸿富瀚,2025-12-18
2507,301087,可孚医疗,2025-12-18
2508,301088,戎美股份,2025-12-18
2509,301089,拓新药业,2025-12-18
2510,301090,华润材料,2025-12-18
2511,301091,深城交,2025-12-18
2512,301092,争光股份,2025-12-18
2513,301093,华兰股份,2025-12-18
2514,301095,广立微,2025-12-18
2515,301096,百诚医药,2025-12-18
2516,301097,天益医疗,2025-12-18
2517,301098,金埔园林,2025-12-18
2518,301099,雅创电子,2025-12-18
2519,301100,风光股份,2025-12-18
2520,301101,明月镜片,2025-12-18
2521,301102,兆讯传媒,2025-12-18
2522,301103,何氏眼科,2025-12-18
2523,301105,鸿铭股份,2025-12-18
2524,301106,骏成科技,2025-12-18
2525,301107,瑜欣电子,2025-12-18
2526,301108,洁雅股份,2025-12-18
2527,301109,军信股份,2025-12-18
2528,301110,青木科技,2025-12-18
2529,301111,粤万年青,2025-12-18
2530,301112,信邦智能,2025-12-18
2531,301113,雅艺科技,2025-12-18
2532,301115,联检科技,2025-12-18
2533,301116,益客食品,2025-12-18
2534,301117,佳缘科技,2025-12-18
2535,301118,恒光股份,2025-12-18
2536,301119,正强股份,2025-12-18
2537,301120,新特电气,2025-12-18
2538,301121,紫建电子,2025-12-18
2539,301122,采纳股份,2025-12-18
2540,301123,奕东电子,2025-12-18
2541,301125,腾亚精工,2025-12-18
2542,301126,达嘉维康,2025-12-18
2543,301127,武汉天源,2025-12-18
2544,301128,强瑞技术,2025-12-18
2545,301129,瑞纳智能,2025-12-18
2546,301130,西点药业,2025-12-18
2547,301131,聚赛龙,2025-12-18
2548,301132,满坤科技,2025-12-18
2549,301133,金钟股份,2025-12-18
2550,301135,瑞德智能,2025-12-18
2551,301136,招标股份,2025-12-18
2552,301137,哈焊华通,2025-12-18
2553,301138,华研精机,2025-12-18
2554,301139,元道通信,2025-12-18
2555,301141,中科磁业,2025-12-18
2556,301148,嘉戎技术,2025-12-18
2557,301149,隆华新材,2025-12-18
2558,301150,中一科技,2025-12-18
2559,301151,冠龙节能,2025-12-18
2560,301152,天力锂能,2025-12-18
2561,301153,中科江南,2025-12-18
2562,301155,海力风电,2025-12-18
2563,301156,美农生物,2025-12-18
2564,301157,华塑科技,2025-12-18
2565,301158,德石股份,2025-12-18
2566,301159,三维天地,2025-12-18
2567,301160,翔楼新材,2025-12-18
2568,301161,唯万密封,2025-12-18
2569,301162,国能日新,2025-12-18
2570,301163,宏德股份,2025-12-18
2571,301165,锐捷网络,2025-12-18
2572,301166,优宁维,2025-12-18
2573,301167,建研设计,2025-12-18
2574,301168,通灵股份,2025-12-18
2575,301169,零点有数,2025-12-18
2576,301170,锡南科技,2025-12-18
2577,301171,易点天下,2025-12-18
2578,301172,君逸数码,2025-12-18
2579,301173,毓恬冠佳,2025-12-18
2580,301175,中科环保,2025-12-18
2581,301176,逸豪新材,2025-12-18
2582,301177,迪阿股份,2025-12-18
2583,301178,天亿马,2025-12-18
2584,301179,泽宇智能,2025-12-18
2585,301180,万祥科技,2025-12-18
2586,301181,标榜股份,2025-12-18
2587,301182,凯旺科技,2025-12-18
2588,301183,东田微,2025-12-18
2589,301185,鸥玛软件,2025-12-18
2590,301186,超达装备,2025-12-18
2591,301187,欧圣电气,2025-12-18
2592,301188,力诺药包,2025-12-18
2593,301189,奥尼电子,2025-12-18
2594,301190,善水科技,2025-12-18
2595,301191,菲菱科思,2025-12-18
2596,301192,泰祥股份,2025-12-18
2597,301193,家联科技,2025-12-18
2598,301195,北路智控,2025-12-18
2599,301196,唯科科技,2025-12-18
2600,301197,工大科雅,2025-12-18
2601,301198,喜悦智行,2025-12-18
2602,301199,迈赫股份,2025-12-18
2603,301200,大族数控,2025-12-18
2604,301201,诚达药业,2025-12-18
2605,301202,朗威股份,2025-12-18
2606,301203,国泰环保,2025-12-18
2607,301205,联特科技,2025-12-18
2608,301206,三元生物,2025-12-18
2609,301207,华兰疫苗,2025-12-18
2610,301208,中亦科技,2025-12-18
2611,301209,联合化学,2025-12-18
2612,301210,金杨精密,2025-12-18
2613,301211,亨迪药业,2025-12-18
2614,301212,联盛化学,2025-12-18
2615,301213,观想科技,2025-12-18
2616,301215,中汽股份,2025-12-18
2617,301216,万凯新材,2025-12-18
2618,301217,铜冠铜箔,2025-12-18
2619,301218,华是科技,2025-12-18
2620,301219,腾远钴业,2025-12-18
2621,301220,亚香股份,2025-12-18
2622,301221,光庭信息,2025-12-18
2623,301222,浙江恒威,2025-12-18
2624,301223,中荣股份,2025-12-18
2625,301225,恒勃股份,2025-12-18
2626,301226,祥明智能,2025-12-18
2627,301227,森鹰窗业,2025-12-18
2628,301228,实朴检测,2025-12-18
2629,301229,纽泰格,2025-12-18
2630,301230,泓博医药,2025-12-18
2631,301231,荣信文化,2025-12-18
2632,301232,飞沃科技,2025-12-18
2633,301233,盛帮股份,2025-12-18
2634,301234,五洲医疗,2025-12-18
2635,301235,华康洁净,2025-12-18
2636,301236,软通动力,2025-12-18
2637,301237,和顺科技,2025-12-18
2638,301238,瑞泰新材,2025-12-18
2639,301239,普瑞眼科,2025-12-18
2640,301246,宏源药业,2025-12-18
2641,301248,杰创智能,2025-12-18
2642,301251,威尔高,2025-12-18
2643,301252,同星科技,2025-12-18
2644,301255,通力科技,2025-12-18
2645,301256,华融化学,2025-12-18
2646,301257,普蕊斯,2025-12-18
2647,301258,富士莱,2025-12-18
2648,301259,艾布鲁,2025-12-18
2649,301260,格力博,2025-12-18
2650,301261,恒工精密,2025-12-18
2651,301262,海看股份,2025-12-18
2652,301263,泰恩康,2025-12-18
2653,301265,华新环保,2025-12-18
2654,301266,宇邦新材,2025-12-18
2655,301267,华厦眼科,2025-12-18
2656,301268,铭利达,2025-12-18
2657,301269,华大九天,2025-12-18
2658,301270,汉仪股份,2025-12-18
2659,301272,英华特,2025-12-18
2660,301273,瑞晨环保,2025-12-18
2661,301275,汉朔科技,2025-12-18
2662,301276,嘉曼服饰,2025-12-18
2663,301277,新天地,2025-12-18
2664,301278,快可电子,2025-12-18
2665,301279,金道科技,2025-12-18
2666,301280,珠城科技,2025-12-18
2667,301281,科源制药,2025-12-18
2668,301282,金禄电子,2025-12-18
2669,301283,聚胶股份,2025-12-18
2670,301285,鸿日达,2025-12-18
2671,301286,侨源股份,2025-12-18
2672,301287,康力源,2025-12-18
2673,301288,*ST清研,2025-12-18
2674,301289,国缆检测,2025-12-18
2675,301290,东星医疗,2025-12-18
2676,301291,明阳电气,2025-12-18
2677,301292,海科新源,2025-12-18
2678,301293,三博脑科,2025-12-18
2679,301295,美硕科技,2025-12-18
2680,301296,新巨丰,2025-12-18
2681,301297,富乐德,2025-12-18
2682,301298,东利机械,2025-12-18
2683,301299,卓创资讯,2025-12-18
2684,301300,远翔新材,2025-12-18
2685,301301,川宁生物,2025-12-18
2686,301302,华如科技,2025-12-18
2687,301303,真兰仪表,2025-12-18
2688,301305,朗坤科技,2025-12-18
2689,301306,西测测试,2025-12-18
2690,301307,美利信,2025-12-18
2691,301308,江波龙,2025-12-18
2692,301309,万得凯,2025-12-18
2693,301310,鑫宏业,2025-12-18
2694,301311,昆船智能,2025-12-18
2695,301312,智立方,2025-12-18
2696,301313,凡拓数创,2025-12-18
2697,301314,科瑞思,2025-12-18
2698,301315,威士顿,2025-12-18
2699,301316,慧博云通,2025-12-18
2700,301317,鑫磊股份,2025-12-18
2701,301318,维海德,2025-12-18
2702,301319,唯特偶,2025-12-18
2703,301320,豪江智能,2025-12-18
2704,301321,翰博高新,2025-12-18
2705,301322,绿通科技,2025-12-18
2706,301323,新莱福,2025-12-18
2707,301325,曼恩斯特,2025-12-18
2708,301326,捷邦科技,2025-12-18
2709,301327,华宝新能,2025-12-18
2710,301328,维峰电子,2025-12-18
2711,301329,信音电子,2025-12-18
2712,301330,熵基科技,2025-12-18
2713,301331,恩威医药,2025-12-18
2714,301332,德尔玛,2025-12-18
2715,301333,诺思格,2025-12-18
2716,301335,天元宠物,2025-12-18
2717,301336,趣睡科技,2025-12-18
2718,301337,亚华电子,2025-12-18
2719,301338,凯格精机,2025-12-18
2720,301339,通行宝,2025-12-18
2721,301345,涛涛车业,2025-12-18
2722,301348,蓝箭电子,2025-12-18
2723,301349,信德新材,2025-12-18
2724,301353,普莱得,2025-12-18
2725,301355,南王科技,2025-12-18
2726,301356,天振股份,2025-12-18
2727,301357,北方长龙,2025-12-18
2728,301358,湖南裕能,2025-12-18
2729,301359,东南电子,2025-12-18
2730,301360,荣旗科技,2025-12-18
2731,301361,众智科技,2025-12-18
2732,301362,民爆光电,2025-12-18
2733,301363,美好医疗,2025-12-18
2734,301365,矩阵股份,2025-12-18
2735,301366,一博科技,2025-12-18
2736,301367,瑞迈特,2025-12-18
2737,301368,丰立智能,2025-12-18
2738,301369,联动科技,2025-12-18
2739,301370,国科恒泰,2025-12-18
2740,301371,敷尔佳,2025-12-18
2741,301372,科净源,2025-12-18
2742,301373,凌玮科技,2025-12-18
2743,301376,致欧科技,2025-12-18
2744,301377,鼎泰高科,2025-12-18
2745,301378,通达海,2025-12-18
2746,301379,天山电子,2025-12-18
2747,301380,挖金客,2025-12-18
2748,301381,赛维时代,2025-12-18
2749,301382,蜂助手,2025-12-18
2750,301383,天键股份,2025-12-18
2751,301386,未来电器,2025-12-18
2752,301387,光大同创,2025-12-18
2753,301388,欣灵电气,2025-12-18
2754,301389,隆扬电子,2025-12-18
2755,301390,经纬股份,2025-12-18
2756,301391,卡莱特,2025-12-18
2757,301392,汇成真空,2025-12-18
2758,301393,昊帆生物,2025-12-18
2759,301395,仁信新材,2025-12-18
2760,301396,宏景科技,2025-12-18
2761,301397,溯联股份,2025-12-18
2762,301398,星源卓镁,2025-12-18
2763,301399,英特科技,2025-12-18
2764,301408,华人健康,2025-12-18
2765,301413,安培龙,2025-12-18
2766,301418,协昌科技,2025-12-18
2767,301419,阿莱德,2025-12-18
2768,301421,波长光电,2025-12-18
2769,301428,世纪恒通,2025-12-18
2770,301429,森泰股份,2025-12-18
2771,301439,泓淋电力,2025-12-18
2772,301446,福事特,2025-12-18
2773,301448,开创电气,2025-12-18
2774,301456,盘古智能,2025-12-18
2775,301458,钧崴电子,2025-12-18
2776,301459,丰茂股份,2025-12-18
2777,301468,博盈特焊,2025-12-18
2778,301469,恒达新材,2025-12-18
2779,301479,弘景光电,2025-12-18
2780,301486,致尚科技,2025-12-18
2781,301487,盟固利,2025-12-18
2782,301488,豪恩汽电,2025-12-18
2783,301489,思泉新材,2025-12-18
2784,301491,汉桑科技,2025-12-18
2785,301498,乖宝宠物,2025-12-18
2786,301499,维科精密,2025-12-18
2787,301500,飞南资源,2025-12-18
2788,301501,恒鑫生活,2025-12-18
2789,301502,华阳智能,2025-12-18
2790,301503,智迪科技,2025-12-18
2791,301505,苏州规划,2025-12-18
2792,301507,民生健康,2025-12-18
2793,301508,中机认检,2025-12-18
2794,301509,金凯生科,2025-12-18
2795,301510,固高科技,2025-12-18
2796,301511,德福科技,2025-12-18
2797,301512,智信精密,2025-12-18
2798,301515,港通医疗,2025-12-18
2799,301516,中远通,2025-12-18
2800,301517,陕西华达,2025-12-18
2801,301518,长华化学,2025-12-18
2802,301519,舜禹股份,2025-12-18
2803,301520,万邦医药,2025-12-18
2804,301522,上大股份,2025-12-18
2805,301525,儒竞科技,2025-12-18
2806,301526,国际复材,2025-12-18
2807,301528,多浦乐,2025-12-18
2808,301529,福赛科技,2025-12-18
2809,301533,威马农机,2025-12-18
2810,301535,浙江华远,2025-12-18
2811,301536,星宸科技,2025-12-18
2812,301538,骏鼎达,2025-12-18
2813,301539,宏鑫科技,2025-12-18
2814,301548,崇德科技,2025-12-18
2815,301550,斯菱股份,2025-12-18
2816,301551,无线传媒,2025-12-18
2817,301552,科力装备,2025-12-18
2818,301555,惠柏新材,2025-12-18
2819,301556,托普云农,2025-12-18
2820,301557,常友科技,2025-12-18
2821,301558,三态股份,2025-12-18
2822,301559,中集环科,2025-12-18
2823,301560,众捷汽车,2025-12-18
2824,301563,云汉芯城,2025-12-18
2825,301565,中仑新材,2025-12-18
2826,301566,达利凯普,2025-12-18
2827,301567,贝隆精密,2025-12-18
2828,301568,思泰克,2025-12-18
2829,301571,国科天成,2025-12-18
2830,301575,艾芬达,2025-12-18
2831,301577,美信科技,2025-12-18
2832,301578,辰奕智能,2025-12-18
2833,301580,爱迪特,2025-12-18
2834,301581,黄山谷捷,2025-12-18
2835,301584,建发致新,2025-12-18
2836,301585,蓝宇股份,2025-12-18
2837,301586,佳力奇,2025-12-18
2838,301587,中瑞股份,2025-12-18
2839,301588,美新科技,2025-12-18
2840,301589,诺瓦星云,2025-12-18
2841,301590,优优绿能,2025-12-18
2842,301591,肯特股份,2025-12-18
2843,301592,六九一二,2025-12-18
2844,301595,太力科技,2025-12-18
2845,301596,瑞迪智驱,2025-12-18
2846,301598,博科测试,2025-12-18
2847,301600,慧翰股份,2025-12-18
2848,301601,惠通科技,2025-12-18
2849,301602,超研股份,2025-12-18
2850,301603,乔锋智能,2025-12-18
2851,301606,绿联科技,2025-12-18
2852,301607,富特科技,2025-12-18
2853,301608,博实结,2025-12-18
2854,301609,山大电力,2025-12-18
2855,301611,珂玛科技,2025-12-18
2856,301613,新铝时代,2025-12-18
2857,301616,浙江华业,2025-12-18
2858,301617,博苑股份,2025-12-18
2859,301618,长联科技,2025-12-18
2860,301622,英思特,2025-12-18
2861,301626,苏州天脉,2025-12-18
2862,301628,强达电路,2025-12-18
2863,301629,矽电股份,2025-12-18
2864,301630,同宇新材,2025-12-18
2865,301631,壹连科技,2025-12-18
2866,301632,广东建科,2025-12-18
2867,301633,港迪技术,2025-12-18
2868,301636,泽润新能,2025-12-18
2869,301638,南网数字,2025-12-18
2870,301656,联合动力,2025-12-18
2871,301658,首航新能,2025-12-18
2872,301662,宏工科技,2025-12-18
2873,301665,泰禾股份,2025-12-18
2874,301668,昊创瑞通,2025-12-18
2875,301678,新恒汇,2025-12-18
2876,302132,中航成飞,2025-12-18
698,510010,180治理ETF,2025-12-18
767,510020,超大盘ETF,2025-12-18
961,510030,价值ETF,2025-12-18
885,510040,上证180ETF指数,2025-12-18
818,510050,XD上证50ETF,2025-12-18
1123,510060,央企ETF,2025-12-18
638,510090,ESGETF基金,2025-12-18
762,510100,上证50ETF易方达,2025-12-18
720,510130,上证中盘ETF易方达,2025-12-18
969,510150,消费ETF,2025-12-18
1091,510160,产业升级ETF,2025-12-18
701,510170,大宗商品ETF,2025-12-18
760,510180,上证180ETF,2025-12-18
791,510190,上证50ETF华安,2025-12-18
474,510200,上证券商ETF,2025-12-18
889,510210,上证指数ETF,2025-12-18
914,510230,金融ETF,2025-12-18
749,510270,国企ETF,2025-12-18
699,510290,上证380ETF,2025-12-18
562,510300,沪深300ETF,2025-12-18
570,510310,沪深300ETF易方达,2025-12-18
547,510320,沪深300ETF中金,2025-12-18
552,510330,沪深300ETF华夏,2025-12-18
404,510350,沪深300ETF工银,2025-12-18
569,510360,沪深300ETF基金,2025-12-18
507,510370,300指数ETF,2025-12-18
834,510380,国寿300ETF,2025-12-18
571,510390,沪深300ETF平安,2025-12-18
514,510410,资源ETF,2025-12-18
473,510500,中证500ETF,2025-12-18
438,510510,中证500ETF基金,2025-12-18
367,510530,中证500ETF工银,2025-12-18
909,510550,方正中证500ETF,2025-12-18
370,510560,国寿500ETF,2025-12-18
667,510570,兴业中证500ETF,2025-12-18
420,510580,中证500ETF易方达,2025-12-18
492,510590,中证500ETF平安,2025-12-18
826,510600,申万上证50ETF,2025-12-18
1116,510630,消费30ETF,2025-12-18
705,510650,金融地产ETF,2025-12-18
831,510660,医药卫生ETF,2025-12-18
891,510670,上证180ETF华夏,2025-12-18
786,510680,上证50ETF基金,2025-12-18
840,510710,上证50ETF博时,2025-12-18
1233,510720,红利国企ETF,2025-12-18
748,510760,上证综指ETF,2025-12-18
475,510770,G60创新ETF,2025-12-18
783,510800,50ETF基金,2025-12-18
845,510810,上海国企ETF,2025-12-18
546,510850,上证50ETF工银,2025-12-18
1215,510880,红利ETF,2025-12-18
995,510900,恒生中国企业ETF,2025-12-18
759,510950,上证50ETF广发,2025-12-18
933,510980,上证综合ETF,2025-12-18
869,510990,180ESGETF,2025-12-18
1228,511160,国债ETF东财,2025-12-18
1227,511600,货币ETF,2025-12-18
1231,511620,货币基金ETF,2025-12-18
1249,511650,华夏快线ETF,2025-12-18
1247,511660,货币ETF建信添益,2025-12-18
1267,511670,华泰天天金ETF,2025-12-18
1246,511690,交易货币ETF,2025-12-18
1248,511700,场内货币ETF,2025-12-18
1268,511770,金鹰增益货币ETF,2025-12-18
1266,511800,易方达货币ETF,2025-12-18
1260,511810,理财金货币ETF,2025-12-18
1243,511820,鹏华添利ETF,2025-12-18
1254,511830,华泰货币ETF,2025-12-18
1255,511850,财富宝ETF,2025-12-18
1263,511860,保证金货币ETF,2025-12-18
1264,511880,银华日利ETF,2025-12-18
1262,511900,富国货币ETF,2025-12-18
1253,511910,融通货币ETF,2025-12-18
1252,511920,广发货币ETF,2025-12-18
1251,511930,国联日盈货币ETF,2025-12-18
1269,511950,添利货币ETF,2025-12-18
1244,511960,嘉实快线ETF,2025-12-18
1250,511970,国寿货币ETF,2025-12-18
1245,511980,现金添富ETF,2025-12-18
1265,511990,华宝添益ETF,2025-12-18
426,512000,券商ETF,2025-12-18
739,512010,医药ETF,2025-12-18
622,512020,A500ETF指数,2025-12-18
623,512030,中证A50增强ETF易方达,2025-12-18
676,512040,价值100ETF,2025-12-18
536,512050,A500ETF基金,2025-12-18
588,512060,中证A100ETF天弘,2025-12-18
266,512070,证券保险ETF,2025-12-18
594,512080,A500ETF中金,2025-12-18
497,512090,MSCIA股ETF易方达,2025-12-18
728,512100,中证1000ETF,2025-12-18
997,512120,医药50ETF,2025-12-18
1011,512130,全指现金流ETF鹏华,2025-12-18
756,512150,A50ETF,2025-12-18
487,512160,MSCI中国A股ETF,2025-12-18
661,512170,医疗ETF,2025-12-18
821,512180,MSCIA股ETF基金,2025-12-18
998,512190,浙商之江凤凰ETF,2025-12-18
1271,512200,房地产ETF,2025-12-18
33,512220,TMTETF,2025-12-18
819,512240,A50ETF龙头,2025-12-18
604,512250,中证A50ETF招商,2025-12-18
983,512260,中证500低波动ETF,2025-12-18
855,512290,生物医药ETF,2025-12-18
300,512330,信息科技ETF,2025-12-18
510,512360,MSCI中国A股ETF基金,2025-12-18
619,512370,A500增强ETF基金,2025-12-18
544,512380,MSCI中国ETF,2025-12-18
646,512390,平安MSCI低波ETF,2025-12-18
64,512400,有色金属ETF,2025-12-18
327,512480,半导体ETF,2025-12-18
422,512500,中证500ETF华夏,2025-12-18
447,512510,中证500ETF华泰柏瑞,2025-12-18
557,512520,MSCIETF,2025-12-18
1143,512530,沪深300红利ETF,2025-12-18
663,512550,富时A50ETF嘉实,2025-12-18
1173,512560,军工ETF易方达,2025-12-18
393,512570,证券ETF易方达,2025-12-18
598,512580,环保ETF,2025-12-18
1104,512600,消费ETF嘉实,2025-12-18
1073,512620,农业ETF天弘,2025-12-18
1305,512630,卫星ETF广发,2025-12-18
790,512640,金融地产ETF嘉实,2025-12-18
277,512650,长三角ETF,2025-12-18
1256,512660,军工ETF,2025-12-18
1280,512670,国防ETF,2025-12-18
1276,512680,军工ETF龙头,2025-12-18
1286,512690,酒ETF,2025-12-18
1181,512700,银行ETF南方,2025-12-18
1282,512710,军工龙头ETF,2025-12-18
308,512720,计算机ETF,2025-12-18
1198,512730,银行ETF指数,2025-12-18
1127,512750,基本面50ETF,2025-12-18
226,512760,芯片ETF,2025-12-18
53,512770,战略新兴ETF,2025-12-18
1183,512800,银行ETF,2025-12-18
1169,512810,国防军工ETF,2025-12-18
1168,512820,银行ETF龙头,2025-12-18
352,512870,杭州湾区ETF,2025-12-18
353,512880,证券ETF,2025-12-18
1201,512890,红利低波ETF,2025-12-18
477,512900,证券ETF南方,2025-12-18
522,512910,中证A100ETF,2025-12-18
77,512930,AI人工智能ETF,2025-12-18
876,512950,央企改革ETF,2025-12-18
1032,512960,央企结构调整ETF,2025-12-18
395,512970,大湾区ETF,2025-12-18
246,512980,传媒ETF,2025-12-18
577,512990,MSCIA股ETF,2025-12-18
750,513000,日经225ETF易方达,2025-12-18
954,513010,恒生科技ETF易方达,2025-12-18
707,513020,港股科技ETF,2025-12-18
1270,513030,德国ETF,2025-12-18
822,513040,港股通互联网ETF,2025-12-18
952,513050,中概互联网ETF,2025-12-18
919,513060,恒生医疗ETF,2025-12-18
672,513070,港股消费ETF易方达,2025-12-18
1099,513080,法国CAC40ETF,2025-12-18
446,513090,香港证券ETF,2025-12-18
692,513100,纳指ETF,2025-12-18
808,513110,纳斯达克100ETF,2025-12-18
1108,513120,港股创新药ETF,2025-12-18
928,513130,恒生科技ETF,2025-12-18
827,513140,港股金融ETF,2025-12-18
878,513150,港股通科技ETF华泰柏瑞,2025-12-18
708,513160,港股科技30ETF,2025-12-18
877,513170,恒生央企ETF,2025-12-18
938,513180,恒生科技指数ETF,2025-12-18
816,513190,港股通金融ETF,2025-12-18
895,513200,港股通医药ETF,2025-12-18
972,513210,恒生ETF易方达,2025-12-18
709,513220,中概互联ETF,2025-12-18
673,513230,港股消费ETF,2025-12-18
1000,513260,恒生科技ETF基金,2025-12-18
922,513280,恒生生物科技ETF,2025-12-18
1209,513290,纳指生物科技ETF,2025-12-18
893,513300,纳斯达克ETF,2025-12-18
520,513310,中韩半导体ETF,2025-12-18
924,513320,恒生新经济ETF,2025-12-18
1041,513330,恒生互联网ETF,2025-12-18
1313,513350,标普油气ETF,2025-12-18
1053,513360,教育ETF,2025-12-18
880,513380,恒生科技ETF龙头,2025-12-18
967,513390,纳指100ETF,2025-12-18
1272,513400,道琼斯ETF,2025-12-18
1102,513500,标普500ETF,2025-12-18
807,513520,日经ETF,2025-12-18
1210,513530,港股通红利ETF,2025-12-18
993,513550,港股通50ETF,2025-12-18
926,513560,香港科技ETF,2025-12-18
763,513580,恒生科技ETF指数,2025-12-18
999,513590,香港消费ETF,2025-12-18
1069,513600,恒生指数ETF,2025-12-18
1226,513630,港股红利指数ETF,2025-12-18
1112,513650,标普500ETF南方,2025-12-18
1013,513660,恒生ETF,2025-12-18
1149,513690,XD港股红利ETF博时,2025-12-18
854,513700,香港医药ETF,2025-12-18
1225,513730,东南亚科技ETF,2025-12-18
409,513750,港股通非银ETF,2025-12-18
1048,513770,港股互联网ETF,2025-12-18
910,513780,港股创新药50ETF,2025-12-18
1283,513800,日本东证指数ETF,2025-12-18
1036,513810,港股国企ETF,2025-12-18
1223,513820,港股红利ETF基金,2025-12-18
1154,513830,港股红利ETF,2025-12-18
693,513850,美国50ETF,2025-12-18
1006,513860,港股通科技ETF,2025-12-18
744,513870,纳指ETF富国,2025-12-18
860,513880,日经225ETF,2025-12-18
857,513890,恒生科技HKETF,2025-12-18
1055,513900,港股通100ETF,2025-12-18
1193,513910,港股央企红利ETF,2025-12-18
1113,513920,港股通央企红利ETF,2025-12-18
1208,513950,恒生红利ETF,2025-12-18
943,513970,恒生消费ETF,2025-12-18
1007,513980,港股科技50ETF,2025-12-18
858,513990,港股通ETF,2025-12-18
26,515000,科技ETF,2025-12-18
408,515010,券商ETF基金,2025-12-18
1200,515020,银行ETF基金,2025-12-18
109,515030,新能源车ETF,2025-12-18
11,515050,5G通信ETF,2025-12-18
1206,515060,房地产ETF基金,2025-12-18
59,515070,人工智能AIETF,2025-12-18
1177,515080,中证红利ETF,2025-12-18
717,515090,可持续发展ETF,2025-12-18
1178,515100,红利低波100ETF,2025-12-18
734,515110,一带一路ETF易方达,2025-12-18
755,515120,创新药ETF,2025-12-18
448,515130,沪深300ETF博时,2025-12-18
600,515150,一带一路ETF,2025-12-18
614,515160,MSCI中国ETF招商,2025-12-18
1152,515170,食品饮料ETF,2025-12-18
1165,515180,红利ETF易方达,2025-12-18
678,515190,中银证券500ETF,2025-12-18
203,515200,创新100ETF,2025-12-18
835,515210,钢铁ETF,2025-12-18
1240,515220,煤炭ETF,2025-12-18
682,515230,软件ETF,2025-12-18
912,515250,智能汽车ETF,2025-12-18
142,515260,电子ETF,2025-12-18
1189,515290,银行ETF天弘,2025-12-18
1203,515300,300红利低波ETF,2025-12-18
586,515310,沪深300指数ETF,2025-12-18
129,515320,电子50ETF,2025-12-18
264,515330,沪深300ETF天弘,2025-12-18
581,515350,民生加银300ETF,2025-12-18
553,515360,方正沪深300ETF,2025-12-18
662,515370,光伏ETF华夏,2025-12-18
732,515380,沪深300ETF泰康,2025-12-18
484,515390,沪深300ETF指数基金,2025-12-18
381,515400,大数据ETF,2025-12-18
1121,515450,红利低波50ETF,2025-12-18
483,515530,中证500ETF泰康,2025-12-18
987,515550,国联中证500ETF,2025-12-18
589,515560,证券ETF建信,2025-12-18
391,515580,科技100ETF,2025-12-18
735,515590,500等权ETF,2025-12-18
815,515600,央企创新ETF,2025-12-18
267,515630,保险证券ETF,2025-12-18
1015,515650,消费50ETF,2025-12-18
493,515660,沪深300ETF国联安,2025-12-18
902,515680,央企创新ETF嘉实,2025-12-18
80,515700,新能车ETF,2025-12-18
1079,515710,食品ETF,2025-12-18
602,515720,金融科技ETF富国,2025-12-18
931,515730,家居家电ETF,2025-12-18
276,515750,科技50ETF,2025-12-18
951,515760,浙江国资ETF,2025-12-18
683,515770,摩根MSCIAETF,2025-12-18
368,515790,光伏ETF,2025-12-18
737,515800,800ETF,2025-12-18
437,515810,中证800ETF,2025-12-18
454,515850,证券ETF富国,2025-12-18
74,515860,科技ETF嘉实,2025-12-18
0,515880,通信ETF,2025-12-18
1190,515890,红利ETF博时,2025-12-18
898,515900,央企创新驱动ETF,2025-12-18
318,515910,质量ETF,2025-12-18
394,515920,智能消费ETF,2025-12-18
800,515950,医药龙头ETF,2025-12-18
725,515960,医药ETF嘉实,2025-12-18
118,515980,人工智能ETF,2025-12-18
635,515990,国企一带一路ETF,2025-12-18
523,516000,数据ETF,2025-12-18
130,516010,游戏ETF,2025-12-18
65,516020,化工ETF,2025-12-18
27,516050,科技龙头ETF,2025-12-18
788,516060,创新药产业ETF,2025-12-18
576,516070,低碳ETF易方达,2025-12-18
575,516080,创新药ETF易方达,2025-12-18
115,516090,新能源ETF易方达,2025-12-18
753,516100,金融科技ETF华夏,2025-12-18
1002,516110,汽车ETF,2025-12-18
62,516120,化工50ETF,2025-12-18
1118,516130,消费龙头ETF,2025-12-18
265,516150,稀土ETF嘉实,2025-12-18
156,516160,新能源ETF,2025-12-18
407,516180,光伏ETF基金,2025-12-18
384,516190,文娱传媒ETF,2025-12-18
424,516200,证券ETF指数基金,2025-12-18
1186,516210,银行ETF指数基金,2025-12-18
110,516220,化工龙头ETF,2025-12-18
205,516260,物联网50ETF,2025-12-18
252,516270,新能源50ETF,2025-12-18
554,516290,光伏龙头ETF,2025-12-18
665,516300,中证1000ETF华泰柏瑞,2025-12-18
1164,516310,银行ETF易方达,2025-12-18
710,516320,高端装备ETF,2025-12-18
240,516330,物联网ETF,2025-12-18
239,516350,芯片ETF易方达,2025-12-18
444,516360,新材料ETF,2025-12-18
416,516380,智能电动车ETF,2025-12-18
121,516390,新能源汽车ETF,2025-12-18
741,516460,现金流ETF800,2025-12-18
947,516500,生物科技ETF,2025-12-18
173,516510,云计算ETF,2025-12-18
974,516520,智能驾驶ETF,2025-12-18
875,516530,物流快递ETF,2025-12-18
526,516550,农业ETF,2025-12-18
814,516560,养老ETF,2025-12-18
219,516570,化工行业ETF,2025-12-18
145,516580,新能源主题ETF,2025-12-18
373,516590,智能汽车ETF易方达,2025-12-18
859,516600,消费服务ETF,2025-12-18
764,516610,医疗服务ETF,2025-12-18
752,516620,影视ETF,2025-12-18
164,516630,云计算50ETF,2025-12-18
280,516640,芯片龙头ETF,2025-12-18
128,516650,有色金属ETF基金,2025-12-18
114,516660,新能源车ETF基金,2025-12-18
1298,516670,畜牧养殖ETF,2025-12-18
561,516700,大数据产业ETF,2025-12-18
317,516710,新材料50ETF,2025-12-18
411,516720,ESGETF,2025-12-18
414,516730,证券公司ETF,2025-12-18
1204,516750,建材ETF,2025-12-18
1274,516760,养殖ETF,2025-12-18
139,516770,游戏ETF华泰柏瑞,2025-12-18
257,516780,稀土ETF,2025-12-18
782,516790,医疗ETF华泰柏瑞,2025-12-18
458,516800,智能制造ETF,2025-12-18
1126,516810,农业50ETF,2025-12-18
695,516820,医疗创新ETF,2025-12-18
540,516830,300ESGETF,2025-12-18
175,516850,新能源ETF基金,2025-12-18
601,516860,金融科技ETF,2025-12-18
436,516880,光伏50ETF,2025-12-18
418,516890,新材料ETF指数基金,2025-12-18
1084,516900,食品饮料ETF基金,2025-12-18
964,516910,物流ETF,2025-12-18
377,516920,芯片50ETF,2025-12-18
923,516930,生物科技ETF基金,2025-12-18
994,516950,基建ETF,2025-12-18
630,516960,机械ETF,2025-12-18
1131,516970,基建50ETF,2025-12-18
371,516980,证券ETF先锋,2025-12-18
684,517000,沪港深500ETF,2025-12-18
671,517010,沪港深500ETF易方达,2025-12-18
560,517030,沪港深300ETF易方达,2025-12-18
632,517050,互联网ETF华泰柏瑞,2025-12-18
846,517080,沪港深500ETF基金,2025-12-18
1229,517090,央企共赢ETF,2025-12-18
803,517100,AH500ETF,2025-12-18
766,517110,创新药ETF国泰,2025-12-18
890,517120,创新药ETF华泰柏瑞,2025-12-18
713,517160,长江保护主题ETF,2025-12-18
747,517170,沪港深ETF,2025-12-18
1174,517180,中国国企ETF,2025-12-18
545,517200,互联网ETF,2025-12-18
650,517300,沪港深300ETF,2025-12-18
975,517330,长江保护ETF,2025-12-18
515,517350,沪港深科技ETF广发,2025-12-18
593,517360,科技ETF沪港深,2025-12-18
660,517380,创新药ETF天弘,2025-12-18
112,517390,云计算ETF天弘,2025-12-18
253,517400,黄金股票ETF,2025-12-18
299,517520,黄金股ETF,2025-12-18
812,517550,消费ETF沪港深,2025-12-18
289,517660,物联网ETF天弘,2025-12-18
644,517770,游戏传媒ETF,2025-12-18
400,517800,人工智能50ETF,2025-12-18
469,517850,张江ETF,2025-12-18
1078,517880,品牌消费ETF,2025-12-18
1175,517900,银行AH优选ETF,2025-12-18
780,517990,医药ETF沪港深,2025-12-18
1045,518600,上海金ETF,2025-12-18
1040,518660,黄金ETF基金,2025-12-18
1039,518680,金ETF,2025-12-18
1044,518800,黄金基金ETF,2025-12-18
1047,518850,黄金ETF华夏,2025-12-18
1031,518860,黄金ETFAU,2025-12-18
1050,518880,黄金ETF,2025-12-18
1042,518890,中银上海金ETF,2025-12-18
956,520500,恒生创新药ETF,2025-12-18
930,520510,港股通医疗ETF,2025-12-18
1059,520520,恒生消费ETF华泰柏瑞,2025-12-18
949,520530,港股通科技ETF东财,2025-12-18
1277,520550,港股红利低波ETF,2025-12-18
851,520560,香港大盘30ETF,2025-12-18
992,520570,恒生科技ETF南方,2025-12-18
1213,520580,新兴亚洲ETF,2025-12-18
960,520590,恒生科技ETF鹏华,2025-12-18
1222,520600,港股汽车ETF,2025-12-18
940,520620,港股通消费ETF,2025-12-18
829,520650,港股通互联网ETF南方,2025-12-18
1278,520660,港股通央企红利ETF南方,2025-12-18
1009,520670,港股通科技ETF嘉实,2025-12-18
1012,520690,港股创新药精选ETF,2025-12-18
962,520700,港股创新药ETF基金,2025-12-18
1211,520720,香港汽车ETF,2025-12-18
1067,520820,恒生港股通ETF,2025-12-18
1292,520830,沙特ETF,2025-12-18
1054,520840,港股通恒生科技ETF,2025-12-18
796,520860,港股通科技ETF富国,2025-12-18
1316,520870,巴西ETF,2025-12-18
1105,520880,港股通创新药ETF,2025-12-18
1187,520890,港股通红利低波ETF,2025-12-18
1139,520900,港股通红利ETF广发,2025-12-18
882,520920,恒生科技ETF天弘,2025-12-18
1088,520940,港股通恒生ETF,2025-12-18
1093,520950,港股通50ETF摩根,2025-12-18
1058,520960,恒指港股通ETF,2025-12-18
1076,520970,港股通创新药ETF嘉实,2025-12-18
838,520980,港股通科技30ETF,2025-12-18
1214,520990,港股央企红利50ETF,2025-12-18
774,530000,上证50ETF天弘,2025-12-18
836,530050,上证50ETF东财,2025-12-18
863,530080,上证180ETF天弘,2025-12-18
558,530100,上证580ETF易方达,2025-12-18
894,530180,上证180ETF易方达,2025-12-18
669,530280,上证180ETF指数基金,2025-12-18
761,530300,上证180ETF华泰柏瑞,2025-12-18
627,530380,上证380ETF易方达,2025-12-18
792,530530,上证580ETF华夏,2025-12-18
946,530580,上证180ETF南方,2025-12-18
688,530680,上证180指数ETF基金,2025-12-18
714,530800,上证180ETF基金,2025-12-18
1212,530880,红利ETF国企,2025-12-18
508,560000,智慧电车ETF,2025-12-18
649,560010,中证1000ETF指数,2025-12-18
1191,560020,红利ETF汇添富,2025-12-18
918,560030,800价值ETF,2025-12-18
584,560050,MSCI中国A50ETF,2025-12-18
324,560060,碳中和ETF,2025-12-18
1021,560070,央企红利ETF基金,2025-12-18
1107,560080,中药ETF,2025-12-18
417,560090,证券ETF龙头,2025-12-18
307,560100,中证500增强ETF,2025-12-18
516,560110,中证1000ETF基金,2025-12-18
797,560120,现金流500ETF,2025-12-18
1195,560150,红利低波ETF泰康,2025-12-18
162,560170,央企科技ETF,2025-12-18
657,560180,沪深300ESGETF南方,2025-12-18
1241,560190,公用事业ETF,2025-12-18
989,560220,中证2000ETF广发,2025-12-18
345,560260,医疗ETF龙头,2025-12-18
897,560280,工程机械ETF,2025-12-18
222,560300,电信50ETF,2025-12-18
892,560330,沪深300价值ETF申万菱信,2025-12-18
607,560350,中证A50ETF指数基金,2025-12-18
303,560360,软件ETF指数,2025-12-18
530,560380,A100ETF南方,2025-12-18
330,560500,500质量成长ETF,2025-12-18
471,560510,中证A500ETF,2025-12-18
1221,560520,红利低波100ETF基金,2025-12-18
590,560530,中证A500ETF摩根,2025-12-18
429,560550,碳中和ETF龙头,2025-12-18
773,560560,碳中和ETF泰康,2025-12-18
1162,560570,A500红利ETF,2025-12-18
1109,560580,电力ETF南方,2025-12-18
727,560590,1000ETF增强,2025-12-18
519,560610,A500指数ETF,2025-12-18
1157,560620,公用事业ETF基金,2025-12-18
531,560630,机器人产业ETF,2025-12-18
245,560650,核心50ETF,2025-12-18
66,560660,云50ETF,2025-12-18
1130,560680,消费ETF龙头,2025-12-18
1144,560690,电信ETF基金,2025-12-18
1019,560700,央企红利50ETF,2025-12-18
472,560750,A500ETF申万菱信,2025-12-18
639,560770,机器人指数ETF,2025-12-18
723,560780,芯片设备ETF,2025-12-18
168,560800,数字经济ETF,2025-12-18
731,560810,央企ESGETF,2025-12-18
703,560820,中证A50ETF新华,2025-12-18
582,560850,信创50ETF,2025-12-18
137,560860,工业有色ETF,2025-12-18
754,560880,家电ETF龙头,2025-12-18
1182,560890,红利低波ETF新华,2025-12-18
670,560900,创新药企ETF,2025-12-18
616,560950,500ETF增强,2025-12-18
466,560980,光伏ETF龙头,2025-12-18
521,560990,中金科技先锋ETF,2025-12-18
653,561000,沪深300ETF增强基金,2025-12-18
633,561010,软件ETF基金,2025-12-18
1172,561060,国企红利ETF,2025-12-18
977,561080,自由现金流ETF中证全指,2025-12-18
574,561090,中证A500增强ETF,2025-12-18
177,561100,消费电子ETF富国,2025-12-18
795,561120,家电ETF,2025-12-18
349,561130,国货ETF,2025-12-18
38,561160,锂电池ETF,2025-12-18
1176,561170,绿色电力ETF,2025-12-18
621,561180,A100ETF,2025-12-18
441,561190,双碳ETF,2025-12-18
628,561200,中证A100ETF工银,2025-12-18
117,561220,数字经济ETF工银,2025-12-18
464,561230,中证A50ETF基金,2025-12-18
1089,561260,能源ETF,2025-12-18
419,561280,中证1000ETF增强,2025-12-18
406,561300,300增强ETF,2025-12-18
140,561310,消电ETF,2025-12-18
511,561320,交运ETF,2025-12-18
84,561330,矿业ETF,2025-12-18
397,561350,国泰中证500ETF,2025-12-18
841,561360,石油ETF,2025-12-18
1080,561370,2000ETF,2025-12-18
456,561380,电网ETF,2025-12-18
236,561500,漂亮50ETF,2025-12-18
1142,561510,中药ETF华泰柏瑞,2025-12-18
364,561550,500增强ETF,2025-12-18
1202,561560,电力ETF,2025-12-18
1025,561570,油气ETF华泰柏瑞,2025-12-18
1106,561580,央企红利ETF,2025-12-18
434,561590,中证1000增强ETF,2025-12-18
176,561600,消费电子ETF,2025-12-18
1309,561660,通用航空ETF基金,2025-12-18
1137,561680,中证A500红利低波ETF,2025-12-18
1148,561700,电力ETF基金,2025-12-18
615,561750,中证A50ETF博时,2025-12-18
1111,561760,油气ETF博时,2025-12-18
443,561770,中证A100指数ETF,2025-12-18
556,561780,1000增强ETF,2025-12-18
1026,561790,央企现代能源ETF,2025-12-18
19,561800,稀有金属ETF基金,2025-12-18
879,561870,自由现金流ETF全指,2025-12-18
637,561880,A100ETF基金,2025-12-18
572,561900,沪深300ESGETF,2025-12-18
76,561910,电池ETF,2025-12-18
828,561920,疫苗龙头ETF,2025-12-18
591,561930,沪深300ETF招商,2025-12-18
442,561950,500指数增强ETF,2025-12-18
1081,561960,央企回报ETF,2025-12-18
351,561980,半导体设备ETF,2025-12-18
476,561990,沪深300增强ETF,2025-12-18
284,562000,中证A100ETF基金,2025-12-18
192,562010,绿色能源ETF,2025-12-18
505,562030,信创ETF基金,2025-12-18
801,562050,药ETF,2025-12-18
1017,562060,标普红利ETF,2025-12-18
1016,562080,300现金流ETF,2025-12-18
697,562300,碳中和ETF基金,2025-12-18
293,562310,沪深300成长ETF,2025-12-18
980,562320,沪深300价值ETF,2025-12-18
659,562330,中证500价值ETF,2025-12-18
592,562340,中证500成长ETF,2025-12-18
1151,562350,电力指数ETF,2025-12-18
687,562360,机器人ETF基金,2025-12-18
147,562380,央企科技引领ETF,2025-12-18
1135,562390,中药50ETF,2025-12-18
651,562500,机器人ETF,2025-12-18
256,562510,旅游ETF,2025-12-18
718,562520,中证1000成长ETF,2025-12-18
1075,562530,中证1000价值ETF,2025-12-18
1196,562550,绿电ETF,2025-12-18
184,562560,信息技术ETF,2025-12-18
532,562570,信创ETF,2025-12-18
282,562580,可选消费ETF,2025-12-18
729,562590,半导体材料ETF,2025-12-18
804,562600,医疗器械ETF,2025-12-18
934,562660,中证2000ETF华夏,2025-12-18
348,562700,汽车零部件ETF,2025-12-18
18,562800,稀有金属ETF,2025-12-18
1074,562810,上证指数增强ETF,2025-12-18
304,562820,集成电路ETF,2025-12-18
873,562850,央企能源ETF,2025-12-18
996,562860,疫苗ETF,2025-12-18
396,562870,证券ETF嘉实,2025-12-18
46,562880,电池ETF嘉实,2025-12-18
666,562890,A50ETF嘉实,2025-12-18
1287,562900,农业ETF易方达,2025-12-18
504,562910,高端制造ETF,2025-12-18
839,562920,信息安全ETF,2025-12-18
388,562930,软件ETF易方达,2025-12-18
136,562950,消费电子ETF易方达,2025-12-18
1095,562960,绿色电力ETF易方达,2025-12-18
359,562970,光伏ETF易方达,2025-12-18
344,562990,碳中和ETF易方达,2025-12-18
491,563000,中国A50ETF,2025-12-18
286,563010,电信ETF,2025-12-18
1180,563020,红利低波动ETF,2025-12-18
733,563030,中证500增强ETF易方达,2025-12-18
321,563050,央企科技50ETF,2025-12-18
887,563060,央企50ETF,2025-12-18
489,563080,中证A50ETF易方达,2025-12-18
450,563090,上证50增强ETF易方达,2025-12-18
886,563150,油气资源ETF,2025-12-18
1153,563180,高股息ETF,2025-12-18
1014,563200,中证2000ETF富国,2025-12-18
534,563210,专精特新ETF,2025-12-18
478,563220,中证A500ETF富国,2025-12-18
1295,563230,卫星ETF,2025-12-18
564,563280,A50增强ETF,2025-12-18
871,563300,中证2000ETF,2025-12-18
1304,563320,通用航空ETF,2025-12-18
573,563330,A股ETF,2025-12-18
550,563350,中证A50ETF,2025-12-18
457,563360,A500ETF华泰柏瑞,2025-12-18
1315,563380,航空航天ETF,2025-12-18
981,563390,现金流ETF全指,2025-12-18
386,563500,中证A500ETF华宝,2025-12-18
1261,563510,A500红利低波ETF,2025-12-18
499,563520,沪深300ETF永赢,2025-12-18
1299,563530,卫星ETF易方达,2025-12-18
596,563550,A500增强ETF摩根,2025-12-18
1094,563570,金融科技ETF兴业,2025-12-18
870,563580,自由现金流ETF800,2025-12-18
1120,563590,A500红利低波动ETF,2025-12-18
798,563600,A500增强ETF易方达,2025-12-18
965,563620,自由现金流全指ETF,2025-12-18
605,563630,A500增强ETF国联安,2025-12-18
541,563650,中证A500龙头ETF,2025-12-18
427,563660,A500ETF银河,2025-12-18
696,563670,金融科技ETF指数,2025-12-18
768,563680,800自由现金流ETF,2025-12-18
1141,563690,红利低波ETF永赢,2025-12-18
1219,563700,红利价值ETF,2025-12-18
365,563750,中证500指数ETF,2025-12-18
905,563760,全指自由现金流ETF,2025-12-18
867,563770,全指现金流ETF,2025-12-18
1028,563780,现金流全指ETF,2025-12-18
535,563800,A500ETF龙头,2025-12-18
963,563830,全指现金流ETF基金,2025-12-18
490,563860,A500ETF海富通,2025-12-18
517,563880,中证A500指数ETF,2025-12-18
1258,563890,国企红利ETF创金合信,2025-12-18
1003,563900,沪深300自由现金流ETF摩根,2025-12-18
1259,563980,800红利低波ETF,2025-12-18
935,563990,800现金流ETF,2025-12-18
188,588000,科创50ETF,2025-12-18
587,588010,科创新材料ETF,2025-12-18
124,588020,科创成长50ETF,2025-12-18
287,588030,科创100指数ETF,2025-12-18
385,588040,科创50ETF指数,2025-12-18
210,588050,科创ETF,2025-12-18
191,588060,科创50ETF龙头,2025-12-18
82,588070,科创板成长ETF,2025-12-18
204,588080,科创板50ETF,2025-12-18
212,588090,科创板ETF,2025-12-18
202,588100,科创信息技术ETF,2025-12-18
96,588110,科创成长ETF,2025-12-18
231,588120,科创板100ETF,2025-12-18
899,588130,科创医药ETF基金,2025-12-18
323,588140,科创200ETF广发,2025-12-18
200,588150,科创50ETF南方,2025-12-18
543,588160,科创材料ETF,2025-12-18
618,588170,科创半导体ETF,2025-12-18
382,588180,科创50ETF基金,2025-12-18
309,588190,科创100ETF,2025-12-18
152,588200,科创芯片ETF,2025-12-18
539,588210,科创100ETF易方达,2025-12-18
283,588220,科创100ETF基金,2025-12-18
251,588230,科创200ETF,2025-12-18
467,588240,科创200ETF指数,2025-12-18
805,588250,科创生物医药ETF,2025-12-18
157,588260,科创信息ETF,2025-12-18
470,588270,科创200ETF易方达,2025-12-18
218,588280,科创50ETF指数基金,2025-12-18
163,588290,科创芯片ETF基金,2025-12-18
31,588300,双创ETF,2025-12-18
40,588310,双创ETF基金,2025-12-18
99,588320,双创50ETF增强,2025-12-18
23,588330,双创龙头ETF,2025-12-18
48,588350,双创50ETF基金,2025-12-18
29,588360,科创创业ETF,2025-12-18
190,588370,科创50增强ETF南方,2025-12-18
24,588380,双创50ETF,2025-12-18
49,588390,科创创业50ETF,2025-12-18
36,588400,科创创业ETF嘉实,2025-12-18
250,588450,科创50ETF增强,2025-12-18
178,588460,科创50增强ETF,2025-12-18
134,588500,科创100增强ETF易方达,2025-12-18
196,588520,科创增强ETF,2025-12-18
281,588550,科创综指增强ETF易方达,2025-12-18
28,588660,科创创业50ETF基金,2025-12-18
362,588670,科创综指增强ETF,2025-12-18
342,588680,科创100ETF增强指数基金,2025-12-18
654,588690,科创指数增强ETF,2025-12-18
825,588700,科创医药ETF嘉实,2025-12-18
506,588710,科创半导体设备ETF,2025-12-18
275,588720,科创50ETF中银,2025-12-18
199,588730,科创人工智能ETF,2025-12-18
154,588750,科创芯片50ETF,2025-12-18
333,588760,人工智能ETF科创,2025-12-18
180,588770,科创信息技术ETF摩根,2025-12-18
347,588780,科创芯片设计ETF,2025-12-18
183,588790,科创AIETF,2025-12-18
269,588800,科创100ETF华夏,2025-12-18
165,588810,科创芯片ETF富国,2025-12-18
332,588820,科创200ETF基金,2025-12-18
87,588830,科创新能源ETF,2025-12-18
260,588840,科创板50ETF基金,2025-12-18
214,588850,科创机械ETF,2025-12-18
920,588860,科创医药ETF,2025-12-18
315,588870,科创50指数ETF,2025-12-18
326,588880,科创100ETF华泰柏瑞,2025-12-18
150,588890,科创芯片ETF南方,2025-12-18
355,588900,科创100ETF南方,2025-12-18
595,588910,科创价值ETF,2025-12-18
159,588920,科创芯片ETF指数,2025-12-18
296,588930,科创板人工智能ETF,2025-12-18
172,588940,科创50ETF富国,2025-12-18
237,588950,科创50ETF景顺,2025-12-18
104,588960,科创板新能源ETF,2025-12-18
292,588980,科创100ETF广发,2025-12-18
160,588990,科创芯片ETF博时,2025-12-18
319,589000,科创综指ETF华夏,2025-12-18
215,589010,科创人工智能ETF华夏,2025-12-18
900,589020,科创半导体ETF鹏华,2025-12-18
425,589050,科创综指ETF兴业,2025-12-18
360,589060,科创综指ETF东财,2025-12-18
314,589080,科创综指ETF汇添富,2025-12-18
380,589090,科创AIETF鹏华,2025-12-18
167,589100,科创芯片ETF国泰,2025-12-18
185,589110,科创人工智能ETF国泰,2025-12-18
1068,589120,科创创新药ETF汇添富,2025-12-18
603,589180,科创新材料ETF汇添富,2025-12-18
452,589200,科创200ETF工银,2025-12-18
336,589300,科创综指ETF嘉实,2025-12-18
216,589380,科创AIETF富国,2025-12-18
261,589500,科创综指ETF工银,2025-12-18
258,589520,科创人工智能ETF华宝,2025-12-18
631,589550,科创价值ETF华夏,2025-12-18
339,589560,科创人工智能ETF汇添富,2025-12-18
485,589580,科创综指ETF兴银,2025-12-18
279,589600,科创综指ETF富国,2025-12-18
445,589630,科创综指ETF国泰,2025-12-18
354,589660,科创综指ETF南方,2025-12-18
412,589680,科创综指ETF鹏华,2025-12-18
133,589700,科创成长ETF南方,2025-12-18
908,589720,科创创新药ETF国泰,2025-12-18
320,589770,科创综指ETF招商,2025-12-18
247,589780,科创200ETF富国,2025-12-18
201,589800,科创综指ETF易方达,2025-12-18
329,589820,科创200ETF建信,2025-12-18
316,589850,科创50ETF东财,2025-12-18
312,589860,科创综指ETF天弘,2025-12-18
378,589880,科创综指ETF建信,2025-12-18
310,589890,科创综指ETF景顺,2025-12-18
197,589900,科创综指ETF博时,2025-12-18
294,589950,科创100ETF富国,2025-12-18
161,589960,科创新能源ETF易方达,2025-12-18
401,589980,科创100ETF汇添富,2025-12-18
274,589990,科创综指ETF华泰柏瑞,2025-12-18
2877,600000,浦发银行,2025-12-18
2878,600004,白云机场,2025-12-18
2879,600006,东风股份,2025-12-18
2880,600007,中国国贸,2025-12-18
2881,600008,首创环保,2025-12-18
2882,600009,上海机场,2025-12-18
2883,600010,包钢股份,2025-12-18
2884,600011,华能国际,2025-12-18
2885,600012,皖通高速,2025-12-18
2886,600015,华夏银行,2025-12-18
2887,600016,民生银行,2025-12-18
2888,600017,日照港,2025-12-18
2889,600018,上港集团,2025-12-18
2890,600019,宝钢股份,2025-12-18
2891,600020,中原高速,2025-12-18
2892,600021,上海电力,2025-12-18
2893,600022,山东钢铁,2025-12-18
2894,600023,浙能电力,2025-12-18
2895,600025,华能水电,2025-12-18
2896,600026,中远海能,2025-12-18
2897,600027,华电国际,2025-12-18
2898,600028,中国石化,2025-12-18
2899,600029,南方航空,2025-12-18
2900,600030,中信证券,2025-12-18
2901,600031,三一重工,2025-12-18
2902,600032,浙江新能,2025-12-18
2903,600033,福建高速,2025-12-18
2904,600035,楚天高速,2025-12-18
2905,600036,招商银行,2025-12-18
2906,600037,歌华有线,2025-12-18
2907,600038,中直股份,2025-12-18
2908,600039,四川路桥,2025-12-18
2909,600048,保利发展,2025-12-18
2910,600050,中国联通,2025-12-18
2911,600051,宁波联合,2025-12-18
2912,600052,东望时代,2025-12-18
2913,600053,九鼎投资,2025-12-18
2914,600054,黄山旅游,2025-12-18
2915,600055,万东医疗,2025-12-18
2916,600056,中国医药,2025-12-18
2917,600057,厦门象屿,2025-12-18
2918,600058,五矿发展,2025-12-18
2919,600059,古越龙山,2025-12-18
2920,600060,海信视像,2025-12-18
2921,600061,国投资本,2025-12-18
2922,600062,华润双鹤,2025-12-18
2923,600063,皖维高新,2025-12-18
2924,600064,南京高科,2025-12-18
2925,600066,宇通客车,2025-12-18
2926,600067,冠城新材,2025-12-18
2927,600071,凤凰光学,2025-12-18
2928,600072,中船科技,2025-12-18
2929,600073,光明肉业,2025-12-18
2930,600075,新疆天业,2025-12-18
2931,600076,康欣新材,2025-12-18
2932,600078,澄星股份,2025-12-18
2933,600079,ST人福,2025-12-18
2934,600080,金花股份,2025-12-18
2935,600081,东风科技,2025-12-18
2936,600082,海泰发展,2025-12-18
2937,600084,中信尼雅,2025-12-18
2938,600085,同仁堂,2025-12-18
2939,600088,中视传媒,2025-12-18
2940,600089,特变电工,2025-12-18
2941,600094,大名城,2025-12-18
2942,600095,湘财股份,2025-12-18
2943,600096,云天化,2025-12-18
2944,600097,开创国际,2025-12-18
2945,600098,广州发展,2025-12-18
2946,600099,林海股份,2025-12-18
2947,600100,同方股份,2025-12-18
2948,600101,明星电力,2025-12-18
2949,600103,青山纸业,2025-12-18
2950,600104,上汽集团,2025-12-18
2951,600105,永鼎股份,2025-12-18
2952,600106,重庆路桥,2025-12-18
2953,600107,ST尔雅,2025-12-18
2954,600108,亚盛集团,2025-12-18
2955,600109,国金证券,2025-12-18
2956,600110,诺德股份,2025-12-18
2957,600111,北方稀土,2025-12-18
2958,600113,浙江东日,2025-12-18
2959,600114,东睦股份,2025-12-18
2960,600115,中国东航,2025-12-18
2961,600116,三峡水利,2025-12-18
2962,600117,西宁特钢,2025-12-18
2963,600118,中国卫星,2025-12-18
2964,600119,长江投资,2025-12-18
2965,600120,浙江东方,2025-12-18
2966,600121,郑州煤电,2025-12-18
2967,600123,兰花科创,2025-12-18
2968,600125,铁龙物流,2025-12-18
2969,600126,杭钢股份,2025-12-18
2970,600127,金健米业,2025-12-18
2971,600128,苏豪弘业,2025-12-18
2972,600129,太极集团,2025-12-18
2973,600130,*ST波导,2025-12-18
2974,600131,国网信通,2025-12-18
2975,600132,重庆啤酒,2025-12-18
2976,600133,东湖高新,2025-12-18
2977,600135,乐凯胶片,2025-12-18
2978,600136,ST明诚,2025-12-18
2979,600137,浪莎股份,2025-12-18
2980,600138,中青旅,2025-12-18
2981,600141,兴发集团,2025-12-18
2982,600143,金发科技,2025-12-18
2983,600148,长春一东,2025-12-18
2984,600149,廊坊发展,2025-12-18
2985,600150,中国船舶,2025-12-18
2986,600151,航天机电,2025-12-18
2987,600152,维科技术,2025-12-18
2988,600153,建发股份,2025-12-18
2989,600155,华创云信,2025-12-18
2990,600156,华升股份,2025-12-18
2991,600157,永泰能源,2025-12-18
2992,600158,中体产业,2025-12-18
2993,600159,大龙地产,2025-12-18
2994,600160,巨化股份,2025-12-18
2995,600161,天坛生物,2025-12-18
2996,600162,香江控股,2025-12-18
2997,600163,中闽能源,2025-12-18
2998,600165,*ST宁科,2025-12-18
2999,600166,福田汽车,2025-12-18
3000,600167,联美控股,2025-12-18
3001,600168,武汉控股,2025-12-18
3002,600169,ST太重,2025-12-18
3003,600170,上海建工,2025-12-18
3004,600171,上海贝岭,2025-12-18
3005,600172,黄河旋风,2025-12-18
3006,600173,卧龙新能,2025-12-18
3007,600176,中国巨石,2025-12-18
3008,600177,雅戈尔,2025-12-18
3009,600178,东安动力,2025-12-18
3010,600179,安通控股,2025-12-18
3011,600180,瑞茂通,2025-12-18
3012,600182,S佳通,2025-12-18
3013,600183,生益科技,2025-12-18
3014,600184,光电股份,2025-12-18
3015,600185,珠免集团,2025-12-18
3016,600186,莲花控股,2025-12-18
3017,600187,国中水务,2025-12-18
3018,600188,兖矿能源,2025-12-18
3019,600189,泉阳泉,2025-12-18
3020,600191,华资实业,2025-12-18
3021,600192,长城电工,2025-12-18
3022,600193,*ST创兴,2025-12-18
3023,600195,中牧股份,2025-12-18
3024,600196,复星医药,2025-12-18
3025,600197,伊力特,2025-12-18
3026,600198,大唐电信,2025-12-18
3027,600199,金种子酒,2025-12-18
3028,600200,退市苏吴,2025-12-18
3029,600201,生物股份,2025-12-18
3030,600202,哈空调,2025-12-18
3031,600203,福日电子,2025-12-18
3032,600206,有研新材,2025-12-18
3033,600207,安彩高科,2025-12-18
3034,600208,衢州发展,2025-12-18
3035,600210,紫江企业,2025-12-18
3036,600211,西藏药业,2025-12-18
3037,600212,绿能慧充,2025-12-18
3038,600215,派斯林,2025-12-18
3039,600216,浙江医药,2025-12-18
3040,600217,中再资环,2025-12-18
3041,600218,全柴动力,2025-12-18
3042,600219,南山铝业,2025-12-18
3043,600221,海航控股,2025-12-18
3044,600222,太龙药业,2025-12-18
3045,600223,福瑞达,2025-12-18
3046,600226,亨通股份,2025-12-18
3047,600227,赤天化,2025-12-18
3048,600228,*ST返利,2025-12-18
3049,600229,城市传媒,2025-12-18
3050,600230,沧州大化,2025-12-18
3051,600231,凌钢股份,2025-12-18
3052,600232,金鹰股份,2025-12-18
3053,600233,圆通速递,2025-12-18
3054,600234,科新发展,2025-12-18
3055,600235,民丰特纸,2025-12-18
3056,600236,桂冠电力,2025-12-18
3057,600237,铜峰电子,2025-12-18
3058,600238,*ST椰岛,2025-12-18
3059,600239,云南城投,2025-12-18
3060,600241,时代万恒,2025-12-18
3061,600243,*ST海华,2025-12-18
3062,600246,万通发展,2025-12-18
3063,600248,陕建股份,2025-12-18
3064,600249,两面针,2025-12-18
3065,600250,南京商旅,2025-12-18
3066,600251,冠农股份,2025-12-18
3067,600252,中恒集团,2025-12-18
3068,600255,鑫科材料,2025-12-18
3069,600256,广汇能源,2025-12-18
3070,600257,大湖股份,2025-12-18
3071,600258,首旅酒店,2025-12-18
3072,600259,广晟有色,2025-12-18
3073,600261,阳光照明,2025-12-18
3074,600262,北方股份,2025-12-18
3075,600265,ST景谷,2025-12-18
3076,600266,城建发展,2025-12-18
3077,600267,海正药业,2025-12-18
3078,600268,国电南自,2025-12-18
3079,600269,赣粤高速,2025-12-18
3080,600271,航天信息,2025-12-18
3081,600272,开开实业,2025-12-18
3082,600273,嘉化能源,2025-12-18
3083,600276,恒瑞医药,2025-12-18
3084,600278,东方创业,2025-12-18
3085,600279,重庆港,2025-12-18
3086,600280,中央商场,2025-12-18
3087,600281,华阳新材,2025-12-18
3088,600282,南钢股份,2025-12-18
3089,600283,钱江水利,2025-12-18
3090,600284,浦东建设,2025-12-18
3091,600285,羚锐制药,2025-12-18
3092,600287,苏豪时尚,2025-12-18
3093,600288,大恒科技,2025-12-18
3094,600289,ST信通,2025-12-18
3095,600292,远达环保,2025-12-18
3096,600293,三峡新材,2025-12-18
3097,600295,鄂尔多斯,2025-12-18
3098,600298,安琪酵母,2025-12-18
3099,600299,安迪苏,2025-12-18
3100,600300,维维股份,2025-12-18
3101,600301,华锡有色,2025-12-18
3102,600302,标准股份,2025-12-18
3103,600303,曙光股份,2025-12-18
3104,600305,恒顺醋业,2025-12-18
3105,600307,酒钢宏兴,2025-12-18
3106,600308,华泰股份,2025-12-18
3107,600309,万华化学,2025-12-18
3108,600310,广西能源,2025-12-18
3109,600312,平高电气,2025-12-18
3110,600313,农发种业,2025-12-18
3111,600315,上海家化,2025-12-18
3112,600316,洪都航空,2025-12-18
3113,600318,新力金融,2025-12-18
3114,600319,亚星化学,2025-12-18
3115,600320,振华重工,2025-12-18
3116,600322,津投城开,2025-12-18
3117,600323,瀚蓝环境,2025-12-18
3118,600325,华发股份,2025-12-18
3119,600326,西藏天路,2025-12-18
3120,600327,大东方,2025-12-18
3121,600328,中盐化工,2025-12-18
3122,600329,达仁堂,2025-12-18
3123,600330,天通股份,2025-12-18
3124,600331,宏达股份,2025-12-18
3125,600332,白云山,2025-12-18
3126,600333,长春燃气,2025-12-18
3127,600335,国机汽车,2025-12-18
3128,600336,澳柯玛,2025-12-18
3129,600337,美克家居,2025-12-18
3130,600338,西藏珠峰,2025-12-18
3131,600339,中油工程,2025-12-18
3132,600340,华夏幸福,2025-12-18
3133,600343,航天动力,2025-12-18
3134,600345,长江通信,2025-12-18
3135,600346,恒力石化,2025-12-18
3136,600348,华阳股份,2025-12-18
3137,600350,山东高速,2025-12-18
3138,600351,亚宝药业,2025-12-18
3139,600352,浙江龙盛,2025-12-18
3140,600353,旭光电子,2025-12-18
3141,600354,敦煌种业,2025-12-18
3142,600355,*ST精伦,2025-12-18
3143,600356,恒丰纸业,2025-12-18
3144,600358,ST联合,2025-12-18
3145,600359,新农开发,2025-12-18
3146,600360,*ST华微,2025-12-18
3147,600361,创新新材,2025-12-18
3148,600362,江西铜业,2025-12-18
3149,600363,联创光电,2025-12-18
3150,600365,ST通葡,2025-12-18
3151,600366,宁波韵升,2025-12-18
3152,600367,红星发展,2025-12-18
3153,600368,五洲交通,2025-12-18
3154,600369,西南证券,2025-12-18
3155,600370,三房巷,2025-12-18
3156,600371,万向德农,2025-12-18
3157,600372,中航机载,2025-12-18
3158,600373,中文传媒,2025-12-18
3159,600375,汉马科技,2025-12-18
3160,600376,首开股份,2025-12-18
3161,600377,宁沪高速,2025-12-18
3162,600378,昊华科技,2025-12-18
3163,600379,宝光股份,2025-12-18
3164,600380,健康元,2025-12-18
3165,600381,*ST春天,2025-12-18
3166,600382,广东明珠,2025-12-18
3167,600383,金地集团,2025-12-18
3168,600386,北巴传媒,2025-12-18
3169,600388,龙净环保,2025-12-18
3170,600389,江山股份,2025-12-18
3171,600390,五矿资本,2025-12-18
3172,600391,航发科技,2025-12-18
3173,600392,盛和资源,2025-12-18
3174,600395,盘江股份,2025-12-18
3175,600396,华电辽能,2025-12-18
3176,600397,江钨装备,2025-12-18
3177,600398,海澜之家,2025-12-18
3178,600399,抚顺特钢,2025-12-18
3179,600400,红豆股份,2025-12-18
3180,600403,大有能源,2025-12-18
3181,600405,动力源,2025-12-18
3182,600406,国电南瑞,2025-12-18
3183,600408,安泰集团,2025-12-18
3184,600409,三友化工,2025-12-18
3185,600410,华胜天成,2025-12-18
3186,600415,小商品城,2025-12-18
3187,600416,湘电股份,2025-12-18
3188,600418,江淮汽车,2025-12-18
3189,600419,天润乳业,2025-12-18
3190,600420,国药现代,2025-12-18
3191,600421,*ST华嵘,2025-12-18
3192,600422,昆药集团,2025-12-18
3193,600423,柳化股份,2025-12-18
3194,600425,青松建化,2025-12-18
3195,600426,华鲁恒升,2025-12-18
3196,600428,中远海特,2025-12-18
3197,600429,三元股份,2025-12-18
3198,600433,冠豪高新,2025-12-18
3199,600435,北方导航,2025-12-18
3200,600436,片仔癀,2025-12-18
3201,600438,通威股份,2025-12-18
3202,600439,瑞贝卡,2025-12-18
3203,600444,国机通用,2025-12-18
3204,600446,金证股份,2025-12-18
3205,600448,华纺股份,2025-12-18
3206,600449,宁夏建材,2025-12-18
3207,600452,涪陵电力,2025-12-18
3208,600455,博通股份,2025-12-18
3209,600456,宝钛股份,2025-12-18
3210,600458,时代新材,2025-12-18
3211,600459,贵研铂业,2025-12-18
3212,600460,士兰微,2025-12-18
3213,600461,洪城环境,2025-12-18
3214,600463,空港股份,2025-12-18
3215,600467,好当家,2025-12-18
3216,600468,百利电气,2025-12-18
3217,600469,风神股份,2025-12-18
3218,600470,六国化工,2025-12-18
3219,600475,华光环能,2025-12-18
3220,600476,湘邮科技,2025-12-18
3221,600477,杭萧钢构,2025-12-18
3222,600478,科力远,2025-12-18
3223,600479,千金药业,2025-12-18
3224,600480,凌云股份,2025-12-18
3225,600481,双良节能,2025-12-18
3226,600482,中国动力,2025-12-18
3227,600483,福能股份,2025-12-18
3228,600486,扬农化工,2025-12-18
3229,600487,亨通光电,2025-12-18
3230,600488,津药药业,2025-12-18
3231,600489,中金黄金,2025-12-18
3232,600490,鹏欣资源,2025-12-18
3233,600491,龙元建设,2025-12-18
3234,600493,凤竹纺织,2025-12-18
3235,600495,晋西车轴,2025-12-18
3236,600496,精工钢构,2025-12-18
3237,600497,驰宏锌锗,2025-12-18
3238,600498,烽火通信,2025-12-18
3239,600499,科达制造,2025-12-18
3240,600500,中化国际,2025-12-18
3241,600501,航天晨光,2025-12-18
3242,600502,安徽建工,2025-12-18
3243,600503,华丽家族,2025-12-18
3244,600505,西昌电力,2025-12-18
3245,600506,统一股份,2025-12-18
3246,600507,方大特钢,2025-12-18
3247,600508,上海能源,2025-12-18
3248,600509,天富能源,2025-12-18
3249,600510,黑牡丹,2025-12-18
3250,600511,国药股份,2025-12-18
3251,600512,腾达建设,2025-12-18
3252,600513,联环药业,2025-12-18
3253,600515,海南机场,2025-12-18
3254,600516,方大炭素,2025-12-18
3255,600517,国网英大,2025-12-18
3256,600518,康美药业,2025-12-18
3257,600519,贵州茅台,2025-12-18
3258,600520,三佳科技,2025-12-18
3259,600521,华海药业,2025-12-18
3260,600522,中天科技,2025-12-18
3261,600523,贵航股份,2025-12-18
3262,600525,ST长园,2025-12-18
3263,600526,菲达环保,2025-12-18
3264,600527,江南高纤,2025-12-18
3265,600528,中铁工业,2025-12-18
3266,600529,山东药玻,2025-12-18
3267,600530,交大昂立,2025-12-18
3268,600531,豫光金铅,2025-12-18
3269,600533,栖霞建设,2025-12-18
3270,600535,天士力,2025-12-18
3271,600536,中国软件,2025-12-18
3272,600537,亿晶光电,2025-12-18
3273,600538,国发股份,2025-12-18
3274,600539,狮头股份,2025-12-18
3275,600540,新赛股份,2025-12-18
3276,600543,莫高股份,2025-12-18
3277,600545,卓郎智能,2025-12-18
3278,600546,山煤国际,2025-12-18
3279,600547,山东黄金,2025-12-18
3280,600548,深高速,2025-12-18
3281,600549,厦门钨业,2025-12-18
3282,600550,保变电气,2025-12-18
3283,600551,时代出版,2025-12-18
3284,600552,凯盛科技,2025-12-18
3285,600556,天下秀,2025-12-18
3286,600557,康缘药业,2025-12-18
3287,600558,大西洋,2025-12-18
3288,600559,老白干酒,2025-12-18
3289,600560,金自天正,2025-12-18
3290,600561,江西长运,2025-12-18
3291,600562,国睿科技,2025-12-18
3292,600563,法拉电子,2025-12-18
3293,600566,济川药业,2025-12-18
3294,600567,山鹰国际,2025-12-18
3295,600568,ST中珠,2025-12-18
3296,600569,安阳钢铁,2025-12-18
3297,600570,恒生电子,2025-12-18
3298,600571,信雅达,2025-12-18
3299,600572,康恩贝,2025-12-18
3300,600573,惠泉啤酒,2025-12-18
3301,600575,淮河能源,2025-12-18
3302,600576,祥源文旅,2025-12-18
3303,600577,精达股份,2025-12-18
3304,600578,京能电力,2025-12-18
3305,600579,中化装备,2025-12-18
3306,600580,卧龙电驱,2025-12-18
3307,600581,八一钢铁,2025-12-18
3308,600582,天地科技,2025-12-18
3309,600583,海油工程,2025-12-18
3310,600584,长电科技,2025-12-18
3311,600585,海螺水泥,2025-12-18
3312,600586,金晶科技,2025-12-18
3313,600587,新华医疗,2025-12-18
3314,600588,用友网络,2025-12-18
3315,600589,大位科技,2025-12-18
3316,600590,泰豪科技,2025-12-18
3317,600592,龙溪股份,2025-12-18
3318,600593,大连圣亚,2025-12-18
3319,600594,益佰制药,2025-12-18
3320,600595,中孚实业,2025-12-18
3321,600596,新安股份,2025-12-18
3322,600597,光明乳业,2025-12-18
3323,600598,北大荒,2025-12-18
3324,600599,*ST熊猫,2025-12-18
3325,600600,青岛啤酒,2025-12-18
3326,600601,方正科技,2025-12-18
3327,600602,云赛智联,2025-12-18
3328,600603,广汇物流,2025-12-18
3329,600604,市北高新,2025-12-18
3330,600605,汇通能源,2025-12-18
3331,600606,绿地控股,2025-12-18
3332,600608,*ST沪科,2025-12-18
3333,600609,金杯汽车,2025-12-18
3334,600610,中毅达,2025-12-18
3335,600611,大众交通,2025-12-18
3336,600612,老凤祥,2025-12-18
3337,600613,神奇制药,2025-12-18
3338,600615,鑫源智造,2025-12-18
3339,600616,金枫酒业,2025-12-18
3340,600617,国新能源,2025-12-18
3341,600618,氯碱化工,2025-12-18
3342,600619,海立股份,2025-12-18
3343,600620,天宸股份,2025-12-18
3344,600621,华鑫股份,2025-12-18
3345,600622,光大嘉宝,2025-12-18
3346,600623,华谊集团,2025-12-18
3347,600624,ST复华,2025-12-18
3348,600626,申达股份,2025-12-18
3349,600628,新世界,2025-12-18
3350,600629,华建集团,2025-12-18
3351,600630,龙头股份,2025-12-18
3352,600633,浙数文化,2025-12-18
3353,600635,大众公用,2025-12-18
3354,600636,*ST国化,2025-12-18
3355,600637,东方明珠,2025-12-18
3356,600638,新黄浦,2025-12-18
3357,600639,浦东金桥,2025-12-18
3358,600640,国脉文化,2025-12-18
3359,600641,先导基电,2025-12-18
3360,600642,申能股份,2025-12-18
3361,600643,爱建集团,2025-12-18
3362,600644,乐山电力,2025-12-18
3363,600645,中源协和,2025-12-18
3364,600648,外高桥,2025-12-18
3365,600649,城投控股,2025-12-18
3366,600650,锦江在线,2025-12-18
3367,600651,飞乐音响,2025-12-18
3368,600653,申华控股,2025-12-18
3369,600654,中安科,2025-12-18
3370,600655,豫园股份,2025-12-18
3371,600657,信达地产,2025-12-18
3372,600658,电子城,2025-12-18
3373,600660,福耀玻璃,2025-12-18
3374,600661,昂立教育,2025-12-18
3375,600662,外服控股,2025-12-18
3376,600663,陆家嘴,2025-12-18
3377,600664,哈药股份,2025-12-18
3378,600665,天地源,2025-12-18
3379,600666,奥瑞德,2025-12-18
3380,600667,太极实业,2025-12-18
3381,600668,尖峰集团,2025-12-18
3382,600671,天目药业,2025-12-18
3383,600673,东阳光,2025-12-18
3384,600674,川投能源,2025-12-18
3385,600675,中华企业,2025-12-18
3386,600676,交运股份,2025-12-18
3387,600678,四川金顶,2025-12-18
3388,600679,上海凤凰,2025-12-18
3389,600681,百川能源,2025-12-18
3390,600682,南京新百,2025-12-18
3391,600683,京投发展,2025-12-18
3392,600684,珠江股份,2025-12-18
3393,600685,中船防务,2025-12-18
3394,600686,金龙汽车,2025-12-18
3395,600688,上海石化,2025-12-18
3396,600689,上海三毛,2025-12-18
3397,600690,海尔智家,2025-12-18
3398,600691,潞化科技,2025-12-18
3399,600692,亚通股份,2025-12-18
3400,600693,东百集团,2025-12-18
3401,600694,大商股份,2025-12-18
3402,600696,*ST岩石,2025-12-18
3403,600697,欧亚集团,2025-12-18
3404,600698,湖南天雁,2025-12-18
3405,600699,均胜电子,2025-12-18
3406,600702,舍得酒业,2025-12-18
3407,600703,三安光电,2025-12-18
3408,600704,物产中大,2025-12-18
3409,600706,曲江文旅,2025-12-18
3410,600707,彩虹股份,2025-12-18
3411,600708,光明地产,2025-12-18
3412,600710,苏美达,2025-12-18
3413,600711,盛屯矿业,2025-12-18
3414,600712,南宁百货,2025-12-18
3415,600713,南京医药,2025-12-18
3416,600714,金瑞矿业,2025-12-18
3417,600715,文投控股,2025-12-18
3418,600716,凤凰股份,2025-12-18
3419,600717,天津港,2025-12-18
3420,600718,东软集团,2025-12-18
3421,600719,大连热电,2025-12-18
3422,600720,中交设计,2025-12-18
3423,600721,百花医药,2025-12-18
3424,600722,金牛化工,2025-12-18
3425,600724,宁波富达,2025-12-18
3426,600725,云维股份,2025-12-18
3427,600726,华电能源,2025-12-18
3428,600727,鲁北化工,2025-12-18
3429,600728,佳都科技,2025-12-18
3430,600729,重庆百货,2025-12-18
3431,600730,中国高科,2025-12-18
3432,600731,湖南海利,2025-12-18
3433,600732,爱旭股份,2025-12-18
3434,600733,北汽蓝谷,2025-12-18
3435,600734,实达集团,2025-12-18
3436,600735,ST新华锦,2025-12-18
3437,600736,苏州高新,2025-12-18
3438,600737,中粮糖业,2025-12-18
3439,600738,丽尚国潮,2025-12-18
3440,600739,辽宁成大,2025-12-18
3441,600740,山西焦化,2025-12-18
3442,600741,华域汽车,2025-12-18
3443,600742,富维股份,2025-12-18
3444,600743,华远控股,2025-12-18
3445,600744,华银电力,2025-12-18
3446,600745,闻泰科技,2025-12-18
3447,600746,江苏索普,2025-12-18
3448,600748,上实发展,2025-12-18
3449,600749,西藏旅游,2025-12-18
3450,600750,江中药业,2025-12-18
3451,600751,海航科技,2025-12-18
3452,600753,*ST海钦,2025-12-18
3453,600754,锦江酒店,2025-12-18
3454,600755,厦门国贸,2025-12-18
3455,600756,浪潮软件,2025-12-18
3456,600757,长江传媒,2025-12-18
3457,600758,辽宁能源,2025-12-18
3458,600759,洲际油气,2025-12-18
3459,600760,中航沈飞,2025-12-18
3460,600761,安徽合力,2025-12-18
3461,600763,通策医疗,2025-12-18
3462,600764,中国海防,2025-12-18
3463,600765,中航重机,2025-12-18
3464,600768,宁波富邦,2025-12-18
3465,600769,祥龙电业,2025-12-18
3466,600770,综艺股份,2025-12-18
3467,600771,广誉远,2025-12-18
3468,600773,西藏城投,2025-12-18
3469,600774,汉商集团,2025-12-18
3470,600775,南京熊猫,2025-12-18
3471,600776,东方通信,2025-12-18
3472,600777,*ST新潮,2025-12-18
3473,600778,友好集团,2025-12-18
3474,600779,水井坊,2025-12-18
3475,600780,通宝能源,2025-12-18
3476,600782,新钢股份,2025-12-18
3477,600783,鲁信创投,2025-12-18
3478,600784,鲁银投资,2025-12-18
3479,600785,新华百货,2025-12-18
3480,600787,中储股份,2025-12-18
3481,600789,鲁抗医药,2025-12-18
3482,600790,轻纺城,2025-12-18
3483,600791,京能置业,2025-12-18
3484,600792,云煤能源,2025-12-18
3485,600793,宜宾纸业,2025-12-18
3486,600794,保税科技,2025-12-18
3487,600795,国电电力,2025-12-18
3488,600796,钱江生化,2025-12-18
3489,600797,浙大网新,2025-12-18
3490,600798,宁波海运,2025-12-18
3491,600800,渤海化学,2025-12-18
3492,600801,华新建材,2025-12-18
3493,600802,福建水泥,2025-12-18
3494,600803,新奥股份,2025-12-18
3495,600805,悦达投资,2025-12-18
3496,600807,济高发展,2025-12-18
3497,600808,马钢股份,2025-12-18
3498,600809,山西汾酒,2025-12-18
3499,600810,神马股份,2025-12-18
3500,600812,华北制药,2025-12-18
3501,600814,杭州解百,2025-12-18
3502,600815,厦工股份,2025-12-18
3503,600816,建元信托,2025-12-18
3504,600817,宇通重工,2025-12-18
3505,600818,中路股份,2025-12-18
3506,600819,耀皮玻璃,2025-12-18
3507,600820,隧道股份,2025-12-18
3508,600821,金开新能,2025-12-18
3509,600822,上海物贸,2025-12-18
3510,600824,益民集团,2025-12-18
3511,600825,新华传媒,2025-12-18
3512,600826,兰生股份,2025-12-18
3513,600827,百联股份,2025-12-18
3514,600828,茂业商业,2025-12-18
3515,600829,人民同泰,2025-12-18
3516,600830,香溢融通,2025-12-18
3517,600831,广电网络,2025-12-18
3518,600833,第一医药,2025-12-18
3519,600834,申通地铁,2025-12-18
3520,600835,上海机电,2025-12-18
3521,600838,上海九百,2025-12-18
3522,600839,四川长虹,2025-12-18
3523,600841,动力新科,2025-12-18
3524,600843,上工申贝,2025-12-18
3525,600844,金煤科技,2025-12-18
3526,600845,宝信软件,2025-12-18
3527,600846,同济科技,2025-12-18
3528,600847,万里股份,2025-12-18
3529,600848,上海临港,2025-12-18
3530,600850,电科数字,2025-12-18
3531,600851,海欣股份,2025-12-18
3532,600853,龙建股份,2025-12-18
3533,600854,春兰股份,2025-12-18
3534,600855,航天长峰,2025-12-18
3535,600857,宁波中百,2025-12-18
3536,600858,银座股份,2025-12-18
3537,600859,王府井,2025-12-18
3538,600860,京城股份,2025-12-18
3539,600861,北京人力,2025-12-18
3540,600862,中航高科,2025-12-18
3541,600863,内蒙华电,2025-12-18
3542,600864,哈投股份,2025-12-18
3543,600865,百大集团,2025-12-18
3544,600866,星湖科技,2025-12-18
3545,600867,通化东宝,2025-12-18
3546,600868,梅雁吉祥,2025-12-18
3547,600869,远东股份,2025-12-18
3548,600871,石化油服,2025-12-18
3549,600872,中炬高新,2025-12-18
3550,600873,梅花生物,2025-12-18
3551,600874,创业环保,2025-12-18
3552,600875,东方电气,2025-12-18
3553,600876,凯盛新能,2025-12-18
3554,600877,电科芯片,2025-12-18
3555,600879,航天电子,2025-12-18
3556,600880,博瑞传播,2025-12-18
3557,600881,亚泰集团,2025-12-18
3558,600882,妙可蓝多,2025-12-18
3559,600883,博闻科技,2025-12-18
3560,600884,杉杉股份,2025-12-18
3561,600885,宏发股份,2025-12-18
3562,600886,国投电力,2025-12-18
3563,600887,XD伊利股,2025-12-18
3564,600888,新疆众和,2025-12-18
3565,600889,南京化纤,2025-12-18
3566,600892,*ST大晟,2025-12-18
3567,600893,航发动力,2025-12-18
3568,600894,广日股份,2025-12-18
3569,600895,张江高科,2025-12-18
3570,600897,厦门空港,2025-12-18
3571,600900,长江电力,2025-12-18
3572,600901,江苏金租,2025-12-18
3573,600903,贵州燃气,2025-12-18
3574,600905,三峡能源,2025-12-18
3575,600906,财达证券,2025-12-18
3576,600908,无锡银行,2025-12-18
3577,600909,华安证券,2025-12-18
3578,600916,中国黄金,2025-12-18
3579,600917,重庆燃气,2025-12-18
3580,600918,中泰证券,2025-12-18
3581,600919,江苏银行,2025-12-18
3582,600925,苏能股份,2025-12-18
3583,600926,杭州银行,2025-12-18
3584,600927,永安期货,2025-12-18
3585,600928,西安银行,2025-12-18
3586,600929,雪天盐业,2025-12-18
3587,600930,华电新能,2025-12-18
3588,600933,爱柯迪,2025-12-18
3589,600935,华塑股份,2025-12-18
3590,600936,广西广电,2025-12-18
3591,600938,中国海油,2025-12-18
3592,600939,重庆建工,2025-12-18
3593,600941,中国移动,2025-12-18
3594,600955,维远股份,2025-12-18
3595,600956,新天绿能,2025-12-18
3596,600958,东方证券,2025-12-18
3597,600959,江苏有线,2025-12-18
3598,600960,渤海汽车,2025-12-18
3599,600961,株冶集团,2025-12-18
3600,600962,国投中鲁,2025-12-18
3601,600963,岳阳林纸,2025-12-18
3602,600965,福成股份,2025-12-18
3603,600966,博汇纸业,2025-12-18
3604,600967,内蒙一机,2025-12-18
3605,600968,海油发展,2025-12-18
3606,600969,郴电国际,2025-12-18
3607,600970,中材国际,2025-12-18
3608,600971,恒源煤电,2025-12-18
3609,600973,宝胜股份,2025-12-18
3610,600975,新五丰,2025-12-18
3611,600976,健民集团,2025-12-18
3612,600977,中国电影,2025-12-18
3613,600979,广安爱众,2025-12-18
3614,600980,北矿科技,2025-12-18
3615,600981,苏豪汇鸿,2025-12-18
3616,600982,宁波能源,2025-12-18
3617,600983,惠而浦,2025-12-18
3618,600984,建设机械,2025-12-18
3619,600985,淮北矿业,2025-12-18
3620,600986,浙文互联,2025-12-18
3621,600987,航民股份,2025-12-18
3622,600988,赤峰黄金,2025-12-18
3623,600989,宝丰能源,2025-12-18
3624,600990,四创电子,2025-12-18
3625,600992,贵绳股份,2025-12-18
3626,600993,马应龙,2025-12-18
3627,600995,南网储能,2025-12-18
3628,600996,贵广网络,2025-12-18
3629,600997,开滦股份,2025-12-18
3630,600998,九州通,2025-12-18
3631,600999,招商证券,2025-12-18
3632,601000,唐山港,2025-12-18
3633,601001,晋控煤业,2025-12-18
3634,601002,晋亿实业,2025-12-18
3635,601003,柳钢股份,2025-12-18
3636,601005,重庆钢铁,2025-12-18
3637,601006,大秦铁路,2025-12-18
3638,601007,金陵饭店,2025-12-18
3639,601008,连云港,2025-12-18
3640,601009,南京银行,2025-12-18
3641,601010,文峰股份,2025-12-18
3642,601011,宝泰隆,2025-12-18
3643,601012,隆基绿能,2025-12-18
3644,601015,陕西黑猫,2025-12-18
3645,601016,节能风电,2025-12-18
3646,601018,宁波港,2025-12-18
3647,601019,山东出版,2025-12-18
3648,601020,华钰矿业,2025-12-18
3649,601021,春秋航空,2025-12-18
3650,601022,宁波远洋,2025-12-18
3651,601026,道生天合,2025-12-18
3652,601033,永兴股份,2025-12-18
3653,601038,一拖股份,2025-12-18
3654,601058,赛轮轮胎,2025-12-18
3655,601059,信达证券,2025-12-18
3656,601061,中信金属,2025-12-18
3657,601065,江盐集团,2025-12-18
3658,601066,中信建投,2025-12-18
3659,601068,中铝国际,2025-12-18
3660,601069,西部黄金,2025-12-18
3661,601077,渝农商行,2025-12-18
3662,601083,锦江航运,2025-12-18
3663,601086,国芳集团,2025-12-18
3664,601088,中国神华,2025-12-18
3665,601089,福元医药,2025-12-18
3666,601096,宏盛华源,2025-12-18
3667,601098,中南传媒,2025-12-18
3668,601099,太平洋,2025-12-18
3669,601100,恒立液压,2025-12-18
3670,601101,昊华能源,2025-12-18
3671,601106,中国一重,2025-12-18
3672,601107,四川成渝,2025-12-18
3673,601108,财通证券,2025-12-18
3674,601111,中国国航,2025-12-18
3675,601113,华鼎股份,2025-12-18
3676,601116,三江购物,2025-12-18
3677,601117,中国化学,2025-12-18
3678,601118,海南橡胶,2025-12-18
3679,601121,宝地矿业,2025-12-18
3680,601126,四方股份,2025-12-18
3681,601127,赛力斯,2025-12-18
3682,601128,常熟银行,2025-12-18
3683,601133,柏诚股份,2025-12-18
3684,601136,首创证券,2025-12-18
3685,601137,博威合金,2025-12-18
3686,601138,工业富联,2025-12-18
3687,601139,深圳燃气,2025-12-18
3688,601155,新城控股,2025-12-18
3689,601156,东航物流,2025-12-18
3690,601158,重庆水务,2025-12-18
3691,601162,天风证券,2025-12-18
3692,601163,三角轮胎,2025-12-18
3693,601166,兴业银行,2025-12-18
3694,601168,西部矿业,2025-12-18
3695,601169,北京银行,2025-12-18
3696,601177,杭齿前进,2025-12-18
3697,601179,中国西电,2025-12-18
3698,601186,中国铁建,2025-12-18
3699,601187,厦门银行,2025-12-18
3700,601188,龙江交通,2025-12-18
3701,601198,东兴证券,2025-12-18
3702,601199,江南水务,2025-12-18
3703,601200,上海环境,2025-12-18
3704,601208,东材科技,2025-12-18
3705,601211,国泰海通,2025-12-18
3706,601212,白银有色,2025-12-18
3707,601216,君正集团,2025-12-18
3708,601218,吉鑫科技,2025-12-18
3709,601222,林洋能源,2025-12-18
3710,601225,陕西煤业,2025-12-18
3711,601226,华电科工,2025-12-18
3712,601228,广州港,2025-12-18
3713,601229,上海银行,2025-12-18
3714,601231,环旭电子,2025-12-18
3715,601233,桐昆股份,2025-12-18
3716,601236,红塔证券,2025-12-18
3717,601238,广汽集团,2025-12-18
3718,601279,英利汽车,2025-12-18
3719,601288,农业银行,2025-12-18
3720,601298,青岛港,2025-12-18
3721,601311,骆驼股份,2025-12-18
3722,601318,中国平安,2025-12-18
3723,601319,中国人保,2025-12-18
3724,601326,秦港股份,2025-12-18
3725,601328,交通银行,2025-12-18
3726,601330,绿色动力,2025-12-18
3727,601333,广深铁路,2025-12-18
3728,601336,新华保险,2025-12-18
3729,601339,百隆东方,2025-12-18
3730,601360,三六零,2025-12-18
3731,601366,利群股份,2025-12-18
3732,601368,绿城水务,2025-12-18
3733,601369,陕鼓动力,2025-12-18
3734,601375,中原证券,2025-12-18
3735,601377,兴业证券,2025-12-18
3736,601388,怡球资源,2025-12-18
3737,601390,中国中铁,2025-12-18
3738,601398,工商银行,2025-12-18
3739,601399,国机重装,2025-12-18
3740,601456,国联民生,2025-12-18
3741,601500,通用股份,2025-12-18
3742,601512,中新集团,2025-12-18
3743,601515,衢州东峰,2025-12-18
3744,601518,吉林高速,2025-12-18
3745,601519,大智慧,2025-12-18
3746,601528,瑞丰银行,2025-12-18
3747,601555,东吴证券,2025-12-18
3748,601566,九牧王,2025-12-18
3749,601567,三星医疗,2025-12-18
3750,601568,北元集团,2025-12-18
3751,601577,长沙银行,2025-12-18
3752,601579,会稽山,2025-12-18
3753,601588,北辰实业,2025-12-18
3754,601595,上海电影,2025-12-18
3755,601598,中国外运,2025-12-18
3756,601599,浙文影业,2025-12-18
3757,601600,中国铝业,2025-12-18
3758,601601,中国太保,2025-12-18
3759,601606,长城军工,2025-12-18
3760,601607,上海医药,2025-12-18
3761,601608,中信重工,2025-12-18
3762,601609,金田股份,2025-12-18
3763,601611,中国核建,2025-12-18
3764,601615,明阳智能,2025-12-18
3765,601616,广电电气,2025-12-18
3766,601618,中国中冶,2025-12-18
3767,601619,嘉泽新能,2025-12-18
3768,601628,中国人寿,2025-12-18
3769,601633,长城汽车,2025-12-18
3770,601636,旗滨集团,2025-12-18
3771,601658,邮储银行,2025-12-18
3772,601665,齐鲁银行,2025-12-18
3773,601666,平煤股份,2025-12-18
3774,601668,中国建筑,2025-12-18
3775,601669,中国电建,2025-12-18
3776,601677,明泰铝业,2025-12-18
3777,601678,滨化股份,2025-12-18
3778,601686,友发集团,2025-12-18
3779,601688,华泰证券,2025-12-18
3780,601689,拓普集团,2025-12-18
3781,601696,中银证券,2025-12-18
3782,601698,中国卫通,2025-12-18
3783,601699,潞安环能,2025-12-18
3784,601700,风范股份,2025-12-18
3785,601702,华峰铝业,2025-12-18
3786,601717,中创智领,2025-12-18
3787,601718,际华集团,2025-12-18
3788,601727,上海电气,2025-12-18
3789,601728,中国电信,2025-12-18
3790,601766,中国中车,2025-12-18
3791,601777,千里科技,2025-12-18
3792,601778,晶科科技,2025-12-18
3793,601788,光大证券,2025-12-18
3794,601789,宁波建工,2025-12-18
3795,601798,蓝科高新,2025-12-18
3796,601799,星宇股份,2025-12-18
3797,601800,中国交建,2025-12-18
3798,601801,皖新传媒,2025-12-18
3799,601808,中海油服,2025-12-18
3800,601811,新华文轩,2025-12-18
3801,601816,京沪高铁,2025-12-18
3802,601818,光大银行,2025-12-18
3803,601825,沪农商行,2025-12-18
3804,601827,三峰环境,2025-12-18
3805,601828,美凯龙,2025-12-18
3806,601838,成都银行,2025-12-18
3807,601857,中国石油,2025-12-18
3808,601858,中国科传,2025-12-18
3809,601860,紫金银行,2025-12-18
3810,601865,福莱特,2025-12-18
3811,601866,中远海发,2025-12-18
3812,601868,中国能建,2025-12-18
3813,601869,长飞光纤,2025-12-18
3814,601872,招商轮船,2025-12-18
3815,601877,正泰电器,2025-12-18
3816,601878,浙商证券,2025-12-18
3817,601880,辽港股份,2025-12-18
3818,601881,中国银河,2025-12-18
3819,601882,海天精工,2025-12-18
3820,601886,江河集团,2025-12-18
3821,601888,中国中免,2025-12-18
3822,601890,亚星锚链,2025-12-18
3823,601898,中煤能源,2025-12-18
3824,601899,紫金矿业,2025-12-18
3825,601900,南方传媒,2025-12-18
3826,601901,方正证券,2025-12-18
3827,601908,京运通,2025-12-18
3828,601916,浙商银行,2025-12-18
3829,601918,新集能源,2025-12-18
3830,601919,中远海控,2025-12-18
3831,601921,浙版传媒,2025-12-18
3832,601928,凤凰传媒,2025-12-18
3833,601929,吉视传媒,2025-12-18
3834,601933,永辉超市,2025-12-18
3835,601939,建设银行,2025-12-18
3836,601949,中国出版,2025-12-18
3837,601952,苏垦农发,2025-12-18
3838,601956,东贝集团,2025-12-18
3839,601958,金钼股份,2025-12-18
3840,601963,重庆银行,2025-12-18
3841,601965,XD中国汽,2025-12-18
3842,601966,玲珑轮胎,2025-12-18
3843,601968,宝钢包装,2025-12-18
3844,601969,海南矿业,2025-12-18
3845,601975,招商南油,2025-12-18
3846,601985,中国核电,2025-12-18
3847,601988,中国银行,2025-12-18
3848,601990,南京证券,2025-12-18
3849,601991,大唐发电,2025-12-18
3850,601992,金隅集团,2025-12-18
3851,601995,中金公司,2025-12-18
3852,601996,丰林集团,2025-12-18
3853,601997,贵阳银行,2025-12-18
3854,601998,中信银行,2025-12-18
3855,601999,出版传媒,2025-12-18
3856,603000,人民网,2025-12-18
3857,603001,奥康国际,2025-12-18
3858,603002,宏昌电子,2025-12-18
3859,603004,鼎龙科技,2025-12-18
3860,603005,晶方科技,2025-12-18
3861,603006,联明股份,2025-12-18
3862,603007,*ST花王,2025-12-18
3863,603008,喜临门,2025-12-18
3864,603009,北特科技,2025-12-18
3865,603010,万盛股份,2025-12-18
3866,603011,合锻智能,2025-12-18
3867,603012,创力集团,2025-12-18
3868,603013,亚普股份,2025-12-18
3869,603014,威高血净,2025-12-18
3870,603015,弘讯科技,2025-12-18
3871,603016,新宏泰,2025-12-18
3872,603017,中衡设计,2025-12-18
3873,603018,华设集团,2025-12-18
3874,603019,中科曙光,2025-12-18
3875,603020,爱普股份,2025-12-18
3876,603021,ST华鹏,2025-12-18
3877,603022,新通联,2025-12-18
3878,603023,威帝股份,2025-12-18
3879,603025,大豪科技,2025-12-18
3880,603026,石大胜华,2025-12-18
3881,603027,千禾味业,2025-12-18
3882,603028,赛福天,2025-12-18
3883,603029,天鹅股份,2025-12-18
3884,603030,全筑股份,2025-12-18
3885,603031,安孚科技,2025-12-18
3886,603032,德新科技,2025-12-18
3887,603033,三维股份,2025-12-18
3888,603035,常熟汽饰,2025-12-18
3889,603036,如通股份,2025-12-18
3890,603037,凯众股份,2025-12-18
3891,603038,华立股份,2025-12-18
3892,603039,泛微网络,2025-12-18
3893,603040,新坐标,2025-12-18
3894,603041,美思德,2025-12-18
3895,603042,华脉科技,2025-12-18
3896,603043,广州酒家,2025-12-18
3897,603045,福达合金,2025-12-18
3898,603048,浙江黎明,2025-12-18
3899,603049,中策橡胶,2025-12-18
3900,603050,科林电气,2025-12-18
3901,603051,鹿山新材,2025-12-18
3902,603052,可川科技,2025-12-18
3903,603053,成都燃气,2025-12-18
3904,603055,台华新材,2025-12-18
3905,603056,德邦股份,2025-12-18
3906,603057,紫燕食品,2025-12-18
3907,603058,永吉股份,2025-12-18
3908,603059,倍加洁,2025-12-18
3909,603060,国检集团,2025-12-18
3910,603061,金海通,2025-12-18
3911,603062,麦加芯彩,2025-12-18
3912,603063,禾望电气,2025-12-18
3913,603065,宿迁联盛,2025-12-18
3914,603066,音飞储存,2025-12-18
3915,603067,振华股份,2025-12-18
3916,603068,博通集成,2025-12-18
3917,603069,海汽集团,2025-12-18
3918,603070,万控智造,2025-12-18
3919,603071,物产环能,2025-12-18
3920,603072,天和磁材,2025-12-18
3921,603073,彩蝶实业,2025-12-18
3922,603075,热威股份,2025-12-18
3923,603076,乐惠国际,2025-12-18
3924,603077,和邦生物,2025-12-18
3925,603078,江化微,2025-12-18
3926,603079,圣达生物,2025-12-18
3927,603080,新疆火炬,2025-12-18
3928,603081,大丰实业,2025-12-18
3929,603082,北自科技,2025-12-18
3930,603083,剑桥科技,2025-12-18
3931,603085,天成自控,2025-12-18
3932,603086,先达股份,2025-12-18
3933,603087,甘李药业,2025-12-18
3934,603088,宁波精达,2025-12-18
3935,603089,正裕工业,2025-12-18
3936,603090,宏盛股份,2025-12-18
3937,603091,众鑫股份,2025-12-18
3938,603092,德力佳,2025-12-18
3939,603093,南华期货,2025-12-18
3940,603095,越剑智能,2025-12-18
3941,603096,新经典,2025-12-18
3942,603097,江苏华辰,2025-12-18
3943,603098,森特股份,2025-12-18
3944,603099,长白山,2025-12-18
3945,603100,川仪股份,2025-12-18
3946,603101,汇嘉时代,2025-12-18
3947,603102,百合股份,2025-12-18
3948,603103,横店影视,2025-12-18
3949,603105,芯能科技,2025-12-18
3950,603106,恒银科技,2025-12-18
3951,603107,上海汽配,2025-12-18
3952,603108,润达医疗,2025-12-18
3953,603109,神驰机电,2025-12-18
3954,603110,东方材料,2025-12-18
3955,603111,康尼机电,2025-12-18
3956,603112,华翔股份,2025-12-18
3957,603113,金能科技,2025-12-18
3958,603115,海星股份,2025-12-18
3959,603116,红蜻蜓,2025-12-18
3960,603117,万林物流,2025-12-18
3961,603118,共进股份,2025-12-18
3962,603119,浙江荣泰,2025-12-18
3963,603120,肯特催化,2025-12-18
3964,603121,华培动力,2025-12-18
3965,603122,合富中国,2025-12-18
3966,603123,翠微股份,2025-12-18
3967,603124,江南新材,2025-12-18
3968,603125,常青科技,2025-12-18
3969,603126,中材节能,2025-12-18
3970,603127,昭衍新药,2025-12-18
3971,603128,华贸物流,2025-12-18
3972,603129,春风动力,2025-12-18
3973,603130,云中马,2025-12-18
3974,603131,上海沪工,2025-12-18
3975,603132,金徽股份,2025-12-18
3976,603135,中重科技,2025-12-18
3977,603136,天目湖,2025-12-18
3978,603137,恒尚节能,2025-12-18
3979,603138,海量数据,2025-12-18
3980,603139,康惠股份,2025-12-18
3981,603150,万朗磁塑,2025-12-18
3982,603151,邦基科技,2025-12-18
3983,603153,上海建科,2025-12-18
3984,603155,新亚强,2025-12-18
3985,603156,养元饮品,2025-12-18
3986,603158,腾龙股份,2025-12-18
3987,603159,上海亚虹,2025-12-18
3988,603160,汇顶科技,2025-12-18
3989,603161,科华控股,2025-12-18
3990,603162,海通发展,2025-12-18
3991,603163,圣晖集成,2025-12-18
3992,603165,荣晟环保,2025-12-18
3993,603166,福达股份,2025-12-18
3994,603167,渤海轮渡,2025-12-18
3995,603168,莎普爱思,2025-12-18
3996,603169,兰石重装,2025-12-18
3997,603170,宝立食品,2025-12-18
3998,603171,税友股份,2025-12-18
3999,603172,万丰股份,2025-12-18
4000,603173,福斯达,2025-12-18
4001,603175,超颖电子,2025-12-18
4002,603176,汇通集团,2025-12-18
4003,603177,德创环保,2025-12-18
4004,603178,圣龙股份,2025-12-18
4005,603179,新泉股份,2025-12-18
4006,603180,金牌家居,2025-12-18
4007,603181,皇马科技,2025-12-18
4008,603182,嘉华股份,2025-12-18
4009,603183,建研院,2025-12-18
4010,603185,弘元绿能,2025-12-18
4011,603186,华正新材,2025-12-18
4012,603187,海容冷链,2025-12-18
4013,603188,亚邦股份,2025-12-18
4014,603189,网达软件,2025-12-18
4015,603190,亚通精工,2025-12-18
4016,603191,望变电气,2025-12-18
4017,603192,汇得科技,2025-12-18
4018,603193,润本股份,2025-12-18
4019,603194,中力股份,2025-12-18
4020,603195,公牛集团,2025-12-18
4021,603196,日播时尚,2025-12-18
4022,603197,保隆科技,2025-12-18
4023,603198,迎驾贡酒,2025-12-18
4024,603199,九华旅游,2025-12-18
4025,603200,上海洗霸,2025-12-18
4026,603201,常润股份,2025-12-18
4027,603202,天有为,2025-12-18
4028,603203,快克智能,2025-12-18
4029,603205,健尔康,2025-12-18
4030,603206,嘉环科技,2025-12-18
4031,603207,小方制药,2025-12-18
4032,603208,江山欧派,2025-12-18
4033,603209,兴通股份,2025-12-18
4034,603210,泰鸿万立,2025-12-18
4035,603211,晋拓股份,2025-12-18
4036,603212,赛伍技术,2025-12-18
4037,603213,镇洋发展,2025-12-18
4038,603214,爱婴室,2025-12-18
4039,603215,比依股份,2025-12-18
4040,603216,梦天家居,2025-12-18
4041,603217,元利科技,2025-12-18
4042,603218,日月股份,2025-12-18
4043,603219,富佳股份,2025-12-18
4044,603220,中贝通信,2025-12-18
4045,603221,爱丽家居,2025-12-18
4046,603222,济民健康,2025-12-18
4047,603223,恒通股份,2025-12-18
4048,603225,新凤鸣,2025-12-18
4049,603226,菲林格尔,2025-12-18
4050,603227,雪峰科技,2025-12-18
4051,603228,景旺电子,2025-12-18
4052,603229,奥翔药业,2025-12-18
4053,603230,内蒙新华,2025-12-18
4054,603231,索宝蛋白,2025-12-18
4055,603232,格尔软件,2025-12-18
4056,603233,大参林,2025-12-18
4057,603235,天新药业,2025-12-18
4058,603236,移远通信,2025-12-18
4059,603237,五芳斋,2025-12-18
4060,603238,诺邦股份,2025-12-18
4061,603239,浙江仙通,2025-12-18
4062,603255,鼎际得,2025-12-18
4063,603256,宏和科技,2025-12-18
4064,603257,中国瑞林,2025-12-18
4065,603258,电魂网络,2025-12-18
4066,603259,药明康德,2025-12-18
4067,603260,合盛硅业,2025-12-18
4068,603261,*ST立航,2025-12-18
4069,603262,技源集团,2025-12-18
4070,603266,天龙股份,2025-12-18
4071,603267,鸿远电子,2025-12-18
4072,603268,*ST松发,2025-12-18
4073,603269,海鸥股份,2025-12-18
4074,603270,金帝股份,2025-12-18
4075,603271,永杰新材,2025-12-18
4076,603272,联翔股份,2025-12-18
4077,603273,天元智能,2025-12-18
4078,603275,众辰科技,2025-12-18
4079,603276,恒兴新材,2025-12-18
4080,603277,银都股份,2025-12-18
4081,603278,大业股份,2025-12-18
4082,603279,景津装备,2025-12-18
4083,603280,南方路机,2025-12-18
4084,603281,江瀚新材,2025-12-18
4085,603282,亚光股份,2025-12-18
4086,603283,赛腾股份,2025-12-18
4087,603285,键邦股份,2025-12-18
4088,603286,日盈电子,2025-12-18
4089,603288,海天味业,2025-12-18
4090,603289,泰瑞机器,2025-12-18
4091,603290,斯达半导,2025-12-18
4092,603291,联合水务,2025-12-18
4093,603296,华勤技术,2025-12-18
4094,603297,永新光学,2025-12-18
4095,603298,杭叉集团,2025-12-18
4096,603299,苏盐井神,2025-12-18
4097,603300,海南华铁,2025-12-18
4098,603301,振德医疗,2025-12-18
4099,603303,得邦照明,2025-12-18
4100,603305,旭升集团,2025-12-18
4101,603306,华懋科技,2025-12-18
4102,603307,扬州金泉,2025-12-18
4103,603308,应流股份,2025-12-18
4104,603309,维力医疗,2025-12-18
4105,603310,巍华新材,2025-12-18
4106,603311,金海高科,2025-12-18
4107,603312,西典新能,2025-12-18
4108,603313,梦百合,2025-12-18
4109,603315,福鞍股份,2025-12-18
4110,603316,诚邦股份,2025-12-18
4111,603317,天味食品,2025-12-18
4112,603318,水发燃气,2025-12-18
4113,603319,美湖股份,2025-12-18
4114,603320,迪贝电气,2025-12-18
4115,603321,梅轮电梯,2025-12-18
4116,603322,超讯通信,2025-12-18
4117,603323,苏农银行,2025-12-18
4118,603324,盛剑科技,2025-12-18
4119,603325,博隆技术,2025-12-18
4120,603326,我乐家居,2025-12-18
4121,603327,福蓉科技,2025-12-18
4122,603328,依顿电子,2025-12-18
4123,603329,上海雅仕,2025-12-18
4124,603330,天洋新材,2025-12-18
4125,603331,百达精工,2025-12-18
4126,603332,苏州龙杰,2025-12-18
4127,603333,尚纬股份,2025-12-18
4128,603334,丰倍生物,2025-12-18
4129,603335,迪生力,2025-12-18
4130,603336,宏辉果蔬,2025-12-18
4131,603337,杰克科技,2025-12-18
4132,603338,浙江鼎力,2025-12-18
4133,603339,四方科技,2025-12-18
4134,603341,龙旗科技,2025-12-18
4135,603344,星德胜,2025-12-18
4136,603345,安井食品,2025-12-18
4137,603348,文灿股份,2025-12-18
4138,603350,安乃达,2025-12-18
4139,603351,威尔药业,2025-12-18
4140,603353,和顺石油,2025-12-18
4141,603355,莱克电气,2025-12-18
4142,603356,华菱精工,2025-12-18
4143,603357,设计总院,2025-12-18
4144,603358,华达科技,2025-12-18
4145,603359,东珠生态,2025-12-18
4146,603360,百傲化学,2025-12-18
4147,603363,傲农生物,2025-12-18
4148,603365,水星家纺,2025-12-18
4149,603366,日出东方,2025-12-18
4150,603367,辰欣药业,2025-12-18
4151,603368,柳药集团,2025-12-18
4152,603369,今世缘,2025-12-18
4153,603370,华新精科,2025-12-18
4154,603373,安邦护卫,2025-12-18
4155,603375,盛景微,2025-12-18
4156,603376,大明电子,2025-12-18
4157,603377,ST东时,2025-12-18
4158,603378,亚士创能,2025-12-18
4159,603379,三美股份,2025-12-18
4160,603380,易德龙,2025-12-18
4161,603381,永臻股份,2025-12-18
4162,603382,海阳科技,2025-12-18
4163,603383,顶点软件,2025-12-18
4164,603385,惠达卫浴,2025-12-18
4165,603386,骏亚科技,2025-12-18
4166,603387,基蛋生物,2025-12-18
4167,603389,*ST亚振,2025-12-18
4168,603390,通达电气,2025-12-18
4169,603391,力聚热能,2025-12-18
4170,603392,万泰生物,2025-12-18
4171,603393,新天然气,2025-12-18
4172,603395,红四方,2025-12-18
4173,603396,金辰股份,2025-12-18
4174,603398,*ST沐邦,2025-12-18
4175,603399,永杉锂业,2025-12-18
4176,603400,华之杰,2025-12-18
4177,603406,天富龙,2025-12-18
4178,603408,建霖家居,2025-12-18
4179,603409,汇通控股,2025-12-18
4180,603416,信捷电气,2025-12-18
4181,603418,友升股份,2025-12-18
4182,603421,鼎信通讯,2025-12-18
4183,603429,集友股份,2025-12-18
4184,603439,三力制药,2025-12-18
4185,603444,吉比特,2025-12-18
4186,603456,九洲药业,2025-12-18
4187,603458,勘设股份,2025-12-18
4188,603466,风语筑,2025-12-18
4189,603477,巨星农牧,2025-12-18
4190,603486,科沃斯,2025-12-18
4191,603488,展鹏科技,2025-12-18
4192,603489,八方股份,2025-12-18
4193,603496,恒为科技,2025-12-18
4194,603499,翔港科技,2025-12-18
4195,603500,祥和实业,2025-12-18
4196,603501,豪威集团,2025-12-18
4197,603505,金石资源,2025-12-18
4198,603506,南都物业,2025-12-18
4199,603507,振江股份,2025-12-18
4200,603508,思维列控,2025-12-18
4201,603511,爱慕股份,2025-12-18
4202,603515,欧普照明,2025-12-18
4203,603516,淳中科技,2025-12-18
4204,603517,ST绝味,2025-12-18
4205,603518,锦泓集团,2025-12-18
4206,603519,立霸股份,2025-12-18
4207,603520,司太立,2025-12-18
4208,603527,众源新材,2025-12-18
4209,603528,多伦科技,2025-12-18
4210,603529,爱玛科技,2025-12-18
4211,603530,神马电力,2025-12-18
4212,603533,掌阅科技,2025-12-18
4213,603535,嘉诚国际,2025-12-18
4214,603536,惠发食品,2025-12-18
4215,603538,美诺华,2025-12-18
4216,603551,奥普科技,2025-12-18
4217,603556,海兴电力,2025-12-18
4218,603557,ST起步,2025-12-18
4219,603558,健盛集团,2025-12-18
4220,603559,ST通脉,2025-12-18
4221,603565,中谷物流,2025-12-18
4222,603566,普莱柯,2025-12-18
4223,603567,珍宝岛,2025-12-18
4224,603568,伟明环保,2025-12-18
4225,603569,长久物流,2025-12-18
4226,603577,汇金通,2025-12-18
4227,603578,三星新材,2025-12-18
4228,603579,荣泰健康,2025-12-18
4229,603580,*ST艾艾,2025-12-18
4230,603583,捷昌驱动,2025-12-18
4231,603585,苏利股份,2025-12-18
4232,603586,金麒麟,2025-12-18
4233,603587,地素时尚,2025-12-18
4234,603588,高能环境,2025-12-18
4235,603589,口子窖,2025-12-18
4236,603590,康辰药业,2025-12-18
4237,603595,ST东尼,2025-12-18
4238,603596,伯特利,2025-12-18
4239,603598,引力传媒,2025-12-18
4240,603599,广信股份,2025-12-18
4241,603600,永艺股份,2025-12-18
4242,603601,再升科技,2025-12-18
4243,603602,纵横通信,2025-12-18
4244,603605,珀莱雅,2025-12-18
4245,603606,东方电缆,2025-12-18
4246,603607,京华激光,2025-12-18
4247,603608,天创时尚,2025-12-18
4248,603609,禾丰股份,2025-12-18
4249,603610,麒盛科技,2025-12-18
4250,603611,诺力股份,2025-12-18
4251,603612,索通发展,2025-12-18
4252,603613,国联股份,2025-12-18
4253,603615,茶花股份,2025-12-18
4254,603616,韩建河山,2025-12-18
4255,603617,君禾股份,2025-12-18
4256,603618,杭电股份,2025-12-18
4257,603619,中曼石油,2025-12-18
4258,603626,科森科技,2025-12-18
4259,603628,清源股份,2025-12-18
4260,603629,利通电子,2025-12-18
4261,603630,拉芳家化,2025-12-18
4262,603633,徕木股份,2025-12-18
4263,603636,南威软件,2025-12-18
4264,603637,镇海股份,2025-12-18
4265,603638,艾迪精密,2025-12-18
4266,603639,海利尔,2025-12-18
4267,603648,畅联股份,2025-12-18
4268,603650,彤程新材,2025-12-18
4269,603655,朗博科技,2025-12-18
4270,603656,泰禾智能,2025-12-18
4271,603657,春光科技,2025-12-18
4272,603658,安图生物,2025-12-18
4273,603659,璞泰来,2025-12-18
4274,603660,苏州科达,2025-12-18
4275,603661,恒林股份,2025-12-18
4276,603662,柯力传感,2025-12-18
4277,603663,三祥新材,2025-12-18
4278,603665,康隆达,2025-12-18
4279,603666,亿嘉和,2025-12-18
4280,603667,五洲新春,2025-12-18
4281,603668,天马科技,2025-12-18
4282,603669,灵康药业,2025-12-18
4283,603676,卫信康,2025-12-18
4284,603677,奇精机械,2025-12-18
4285,603678,火炬电子,2025-12-18
4286,603679,华体科技,2025-12-18
4287,603680,今创集团,2025-12-18
4288,603681,永冠新材,2025-12-18
4289,603682,锦和商管,2025-12-18
4290,603683,晶华新材,2025-12-18
4291,603685,晨丰科技,2025-12-18
4292,603686,福龙马,2025-12-18
4293,603687,大胜达,2025-12-18
4294,603688,石英股份,2025-12-18
4295,603689,皖天然气,2025-12-18
4296,603690,至纯科技,2025-12-18
4297,603693,江苏新能,2025-12-18
4298,603696,安记食品,2025-12-18
4299,603697,有友食品,2025-12-18
4300,603698,航天工程,2025-12-18
4301,603699,纽威股份,2025-12-18
4302,603700,宁水集团,2025-12-18
4303,603701,德宏股份,2025-12-18
4304,603703,盛洋科技,2025-12-18
4305,603706,东方环宇,2025-12-18
4306,603707,健友股份,2025-12-18
4307,603708,家家悦,2025-12-18
4308,603709,中源家居,2025-12-18
4309,603711,香飘飘,2025-12-18
4310,603712,七一二,2025-12-18
4311,603713,密尔克卫,2025-12-18
4312,603716,塞力医疗,2025-12-18
4313,603717,天域生物,2025-12-18
4314,603718,海利生物,2025-12-18
4315,603719,良品铺子,2025-12-18
4316,603721,*ST天择,2025-12-18
4317,603722,阿科力,2025-12-18
4318,603725,天安新材,2025-12-18
4319,603726,朗迪集团,2025-12-18
4320,603727,博迈科,2025-12-18
4321,603728,鸣志电器,2025-12-18
4322,603729,龙韵股份,2025-12-18
4323,603730,岱美股份,2025-12-18
4324,603733,仙鹤股份,2025-12-18
4325,603737,三棵树,2025-12-18
4326,603738,泰晶科技,2025-12-18
4327,603739,蔚蓝生物,2025-12-18
4328,603755,日辰股份,2025-12-18
4329,603757,大元泵业,2025-12-18
4330,603758,秦安股份,2025-12-18
4331,603759,海天股份,2025-12-18
4332,603766,隆鑫通用,2025-12-18
4333,603767,中马传动,2025-12-18
4334,603768,常青股份,2025-12-18
4335,603773,沃格光电,2025-12-18
4336,603776,永安行,2025-12-18
4337,603777,来伊份,2025-12-18
4338,603778,国晟科技,2025-12-18
4339,603779,威龙股份,2025-12-18
4340,603786,科博达,2025-12-18
4341,603787,新日股份,2025-12-18
4342,603788,宁波高发,2025-12-18
4343,603789,*ST星农,2025-12-18
4344,603790,雅运股份,2025-12-18
4345,603797,联泰环保,2025-12-18
4346,603798,康普顿,2025-12-18
4347,603799,华友钴业,2025-12-18
4348,603800,洪田股份,2025-12-18
4349,603801,志邦家居,2025-12-18
4350,603803,瑞斯康达,2025-12-18
4351,603806,福斯特,2025-12-18
4352,603808,歌力思,2025-12-18
4353,603809,豪能股份,2025-12-18
4354,603810,丰山集团,2025-12-18
4355,603811,诚意药业,2025-12-18
4356,603813,*ST原尚,2025-12-18
4357,603815,交建股份,2025-12-18
4358,603816,顾家家居,2025-12-18
4359,603817,海峡环保,2025-12-18
4360,603818,曲美家居,2025-12-18
4361,603819,神力股份,2025-12-18
4362,603822,ST嘉澳,2025-12-18
4363,603823,百合花,2025-12-18
4364,603825,ST华扬,2025-12-18
4365,603826,坤彩科技,2025-12-18
4366,603828,ST柯利达,2025-12-18
4367,603829,洛凯股份,2025-12-18
4368,603833,欧派家居,2025-12-18
4369,603836,海程邦达,2025-12-18
4370,603838,*ST四通,2025-12-18
4371,603839,安正时尚,2025-12-18
4372,603843,*ST正平,2025-12-18
4373,603848,好太太,2025-12-18
4374,603855,华荣股份,2025-12-18
4375,603856,东宏股份,2025-12-18
4376,603858,步长制药,2025-12-18
4377,603859,能科科技,2025-12-18
4378,603860,中公高科,2025-12-18
4379,603861,白云电器,2025-12-18
4380,603863,松炀资源,2025-12-18
4381,603866,桃李面包,2025-12-18
4382,603867,新化股份,2025-12-18
4383,603868,飞科电器,2025-12-18
4384,603869,ST智知,2025-12-18
4385,603871,嘉友国际,2025-12-18
4386,603876,鼎胜新材,2025-12-18
4387,603877,太平鸟,2025-12-18
4388,603878,武进不锈,2025-12-18
4389,603879,永悦科技,2025-12-18
4390,603880,南卫股份,2025-12-18
4391,603881,数据港,2025-12-18
4392,603882,金域医学,2025-12-18
4393,603883,老百姓,2025-12-18
4394,603885,吉祥航空,2025-12-18
4395,603886,元祖股份,2025-12-18
4396,603887,城地香江,2025-12-18
4397,603888,新华网,2025-12-18
4398,603889,新澳股份,2025-12-18
4399,603890,春秋电子,2025-12-18
4400,603893,瑞芯微,2025-12-18
4401,603895,天永智能,2025-12-18
4402,603896,寿仙谷,2025-12-18
4403,603897,长城科技,2025-12-18
4404,603898,好莱客,2025-12-18
4405,603899,晨光股份,2025-12-18
4406,603900,莱绅通灵,2025-12-18
4407,603901,永创智能,2025-12-18
4408,603903,中持股份,2025-12-18
4409,603906,龙蟠科技,2025-12-18
4410,603908,牧高笛,2025-12-18
4411,603909,建发合诚,2025-12-18
4412,603912,佳力图,2025-12-18
4413,603915,国茂股份,2025-12-18
4414,603916,苏博特,2025-12-18
4415,603917,合力科技,2025-12-18
4416,603918,金桥信息,2025-12-18
4417,603919,金徽酒,2025-12-18
4418,603920,世运电路,2025-12-18
4419,603922,金鸿顺,2025-12-18
4420,603926,铁流股份,2025-12-18
4421,603927,中科软,2025-12-18
4422,603928,兴业股份,2025-12-18
4423,603929,亚翔集成,2025-12-18
4424,603931,格林达,2025-12-18
4425,603933,睿能科技,2025-12-18
4426,603936,博敏电子,2025-12-18
4427,603937,丽岛新材,2025-12-18
4428,603938,三孚股份,2025-12-18
4429,603939,益丰药房,2025-12-18
4430,603948,建业股份,2025-12-18
4431,603949,雪龙集团,2025-12-18
4432,603950,长源东谷,2025-12-18
4433,603955,大千生态,2025-12-18
4434,603956,威派格,2025-12-18
4435,603958,哈森股份,2025-12-18
4436,603959,百利科技,2025-12-18
4437,603960,克来机电,2025-12-18
4438,603966,法兰泰克,2025-12-18
4439,603967,中创物流,2025-12-18
4440,603968,醋化股份,2025-12-18
4441,603969,银龙股份,2025-12-18
4442,603970,中农立华,2025-12-18
4443,603976,正川股份,2025-12-18
4444,603977,国泰集团,2025-12-18
4445,603978,深圳新星,2025-12-18
4446,603979,金诚信,2025-12-18
4447,603980,吉华集团,2025-12-18
4448,603982,泉峰汽车,2025-12-18
4449,603983,丸美生物,2025-12-18
4450,603985,恒润股份,2025-12-18
4451,603986,兆易创新,2025-12-18
4452,603987,康德莱,2025-12-18
4453,603988,中电电机,2025-12-18
4454,603989,艾华集团,2025-12-18
4455,603990,麦迪科技,2025-12-18
4456,603991,至正股份,2025-12-18
4457,603992,松霖科技,2025-12-18
4458,603993,洛阳钼业,2025-12-18
4459,603995,甬金股份,2025-12-18
4460,603997,继峰股份,2025-12-18
4461,603998,方盛制药,2025-12-18
4462,603999,读者传媒,2025-12-18
4463,605001,威奥股份,2025-12-18
4464,605003,众望布艺,2025-12-18
4465,605005,合兴股份,2025-12-18
4466,605006,山东玻纤,2025-12-18
4467,605007,五洲特纸,2025-12-18
4468,605008,长鸿高科,2025-12-18
4469,605009,豪悦护理,2025-12-18
4470,605011,杭州热电,2025-12-18
4471,605016,百龙创园,2025-12-18
4472,605018,长华集团,2025-12-18
4473,605020,永和股份,2025-12-18
4474,605028,世茂能源,2025-12-18
4475,605033,美邦股份,2025-12-18
4476,605050,福然德,2025-12-18
4477,605055,迎丰股份,2025-12-18
4478,605056,咸亨国际,2025-12-18
4479,605058,澳弘电子,2025-12-18
4480,605060,联德股份,2025-12-18
4481,605066,天正电气,2025-12-18
4482,605068,明新旭腾,2025-12-18
4483,605069,正和生态,2025-12-18
4484,605077,华康股份,2025-12-18
4485,605080,浙江自然,2025-12-18
4486,605081,*ST太和,2025-12-18
4487,605086,龙高股份,2025-12-18
4488,605088,冠盛股份,2025-12-18
4489,605089,味知香,2025-12-18
4490,605090,九丰能源,2025-12-18
4491,605098,行动教育,2025-12-18
4492,605099,共创草坪,2025-12-18
4493,605100,华丰股份,2025-12-18
4494,605108,同庆楼,2025-12-18
4495,605111,新洁能,2025-12-18
4496,605116,奥锐特,2025-12-18
4497,605117,德业股份,2025-12-18
4498,605118,力鼎光电,2025-12-18
4499,605122,四方新材,2025-12-18
4500,605123,派克新材,2025-12-18
4501,605128,上海沿浦,2025-12-18
4502,605133,嵘泰股份,2025-12-18
4503,605136,丽人丽妆,2025-12-18
4504,605138,盛泰集团,2025-12-18
4505,605151,西上海,2025-12-18
4506,605155,西大门,2025-12-18
4507,605158,华达新材,2025-12-18
4508,605162,新中港,2025-12-18
4509,605166,聚合顺,2025-12-18
4510,605167,利柏特,2025-12-18
4511,605168,三人行,2025-12-18
4512,605169,洪通燃气,2025-12-18
4513,605177,东亚药业,2025-12-18
4514,605178,时空科技,2025-12-18
4515,605179,一鸣食品,2025-12-18
4516,605180,华生科技,2025-12-18
4517,605183,确成股份,2025-12-18
4518,605186,健麾信息,2025-12-18
4519,605188,国光连锁,2025-12-18
4520,605189,富春染织,2025-12-18
4521,605196,华通线缆,2025-12-18
4522,605198,安德利,2025-12-18
4523,605199,ST葫芦娃,2025-12-18
4524,605208,永茂泰,2025-12-18
4525,605218,伟时电子,2025-12-18
4526,605222,起帆电缆,2025-12-18
4527,605228,神通科技,2025-12-18
4528,605255,天普股份,2025-12-18
4529,605258,协和电子,2025-12-18
4530,605259,绿田机械,2025-12-18
4531,605266,健之佳,2025-12-18
4532,605268,王力安防,2025-12-18
4533,605277,新亚电子,2025-12-18
4534,605286,同力天启,2025-12-18
4535,605287,德才股份,2025-12-18
4536,605288,凯迪股份,2025-12-18
4537,605289,罗曼股份,2025-12-18
4538,605296,神农集团,2025-12-18
4539,605298,必得科技,2025-12-18
4540,605299,舒华体育,2025-12-18
4541,605300,佳禾食品,2025-12-18
4542,605303,园林股份,2025-12-18
4543,605305,中际联合,2025-12-18
4544,605318,法狮龙,2025-12-18
4545,605319,无锡振华,2025-12-18
4546,605333,沪光股份,2025-12-18
4547,605336,帅丰电器,2025-12-18
4548,605337,李子园,2025-12-18
4549,605338,巴比食品,2025-12-18
4550,605339,南侨食品,2025-12-18
4551,605358,立昂微,2025-12-18
4552,605365,立达信,2025-12-18
4553,605366,宏柏新材,2025-12-18
4554,605368,蓝天燃气,2025-12-18
4555,605369,拱东医疗,2025-12-18
4556,605376,博迁新材,2025-12-18
4557,605377,华旺科技,2025-12-18
4558,605378,野马电池,2025-12-18
4559,605388,均瑶健康,2025-12-18
4560,605389,长龄液压,2025-12-18
4561,605398,新炬网络,2025-12-18
4562,605399,晨光新材,2025-12-18
4563,605488,福莱新材,2025-12-18
4564,605499,东鹏饮料,2025-12-18
4565,605500,森林包装,2025-12-18
4566,605507,国邦医药,2025-12-18
4567,605555,德昌股份,2025-12-18
4568,605566,福莱蒽特,2025-12-18
4569,605567,春雪食品,2025-12-18
4570,605577,龙版传媒,2025-12-18
4571,605580,恒盛能源,2025-12-18
4572,605588,冠石科技,2025-12-18
4573,605589,圣泉集团,2025-12-18
4574,605598,上海港湾,2025-12-18
4575,605599,菜百股份,2025-12-18
4576,688001,华兴源创,2025-12-18
4577,688002,睿创微纳,2025-12-18
4578,688003,天准科技,2025-12-18
4579,688004,博汇科技,2025-12-18
4580,688005,容百科技,2025-12-18
4581,688006,杭可科技,2025-12-18
4582,688007,光峰科技,2025-12-18
4583,688008,澜起科技,2025-12-18
4584,688009,中国通号,2025-12-18
4585,688010,福光股份,2025-12-18
4586,688011,新光光电,2025-12-18
4587,688012,中微公司,2025-12-18
4588,688013,天臣医疗,2025-12-18
4589,688015,交控科技,2025-12-18
4590,688016,心脉医疗,2025-12-18
4591,688017,绿的谐波,2025-12-18
4592,688018,乐鑫科技,2025-12-18
4593,688019,安集科技,2025-12-18
4594,688020,方邦股份,2025-12-18
4595,688021,奥福科技,2025-12-18
4596,688022,瀚川智能,2025-12-18
4597,688023,安恒信息,2025-12-18
4598,688025,杰普特,2025-12-18
4599,688026,洁特生物,2025-12-18
4600,688027,国盾量子,2025-12-18
4601,688028,沃尔德,2025-12-18
4602,688029,南微医学,2025-12-18
4603,688030,山石网科,2025-12-18
4604,688031,星环科技,2025-12-18
4605,688032,禾迈股份,2025-12-18
4606,688033,天宜新材,2025-12-18
4607,688035,德邦科技,2025-12-18
4608,688036,传音控股,2025-12-18
4609,688037,芯源微,2025-12-18
4610,688038,中科通达,2025-12-18
4611,688039,当虹科技,2025-12-18
4612,688041,海光信息,2025-12-18
4613,688045,必易微,2025-12-18
4614,688046,药康生物,2025-12-18
4615,688047,龙芯中科,2025-12-18
4616,688048,长光华芯,2025-12-18
4617,688049,炬芯科技,2025-12-18
4618,688050,爱博医疗,2025-12-18
4619,688051,佳华科技,2025-12-18
4620,688052,纳芯微,2025-12-18
4621,688053,ST思科瑞,2025-12-18
4622,688055,龙腾光电,2025-12-18
4623,688056,莱伯泰科,2025-12-18
4624,688057,金达莱,2025-12-18
4625,688058,宝兰德,2025-12-18
4626,688059,华锐精密,2025-12-18
4627,688060,云涌科技,2025-12-18
4628,688061,灿瑞科技,2025-12-18
4629,688062,迈威生物,2025-12-18
4630,688063,派能科技,2025-12-18
4631,688065,凯赛生物,2025-12-18
4632,688066,航天宏图,2025-12-18
4633,688067,爱威科技,2025-12-18
4634,688068,热景生物,2025-12-18
4635,688069,德林海,2025-12-18
4636,688070,纵横股份,2025-12-18
4637,688071,华依科技,2025-12-18
4638,688072,拓荆科技,2025-12-18
4639,688073,毕得医药,2025-12-18
4640,688075,安旭生物,2025-12-18
4641,688076,ST诺泰,2025-12-18
4642,688077,大地熊,2025-12-18
4643,688078,龙软科技,2025-12-18
4644,688079,美迪凯,2025-12-18
4645,688080,映翰通,2025-12-18
4646,688081,兴图新科,2025-12-18
4647,688082,盛美上海,2025-12-18
4648,688083,中望软件,2025-12-18
4649,688084,晶品特装,2025-12-18
4650,688085,三友医疗,2025-12-18
4651,688087,英科再生,2025-12-18
4652,688088,虹软科技,2025-12-18
4653,688089,嘉必优,2025-12-18
4654,688090,瑞松科技,2025-12-18
4655,688091,上海谊众,2025-12-18
4656,688092,爱科科技,2025-12-18
4657,688093,世华科技,2025-12-18
4658,688095,福昕软件,2025-12-18
4659,688096,京源环保,2025-12-18
4660,688097,博众精工,2025-12-18
4661,688098,申联生物,2025-12-18
4662,688099,晶晨股份,2025-12-18
4663,688100,威胜信息,2025-12-18
4664,688101,三达膜,2025-12-18
4665,688102,斯瑞新材,2025-12-18
4666,688103,国力电子,2025-12-18
4667,688105,诺唯赞,2025-12-18
4668,688106,金宏气体,2025-12-18
4669,688107,安路科技,2025-12-18
4670,688108,赛诺医疗,2025-12-18
4671,688109,品茗科技,2025-12-18
4672,688110,东芯股份,2025-12-18
4673,688111,金山办公,2025-12-18
4674,688112,鼎阳科技,2025-12-18
4675,688113,联测科技,2025-12-18
4676,688114,华大智造,2025-12-18
4677,688115,思林杰,2025-12-18
4678,688116,天奈科技,2025-12-18
4679,688117,圣诺生物,2025-12-18
4680,688118,普元信息,2025-12-18
4681,688119,中钢洛耐,2025-12-18
4682,688120,华海清科,2025-12-18
4683,688121,卓然股份,2025-12-18
4684,688122,西部超导,2025-12-18
4685,688123,聚辰股份,2025-12-18
4686,688125,安达智能,2025-12-18
4687,688126,沪硅产业,2025-12-18
4688,688127,蓝特光学,2025-12-18
4689,688128,中国电研,2025-12-18
4690,688129,东来技术,2025-12-18
4691,688130,晶华微,2025-12-18
4692,688131,皓元医药,2025-12-18
4693,688132,邦彦技术,2025-12-18
4694,688133,泰坦科技,2025-12-18
4695,688135,利扬芯片,2025-12-18
4696,688136,科兴制药,2025-12-18
4697,688137,近岸蛋白,2025-12-18
4698,688138,清溢光电,2025-12-18
4699,688139,海尔生物,2025-12-18
4700,688141,杰华特,2025-12-18
4701,688143,长盈通,2025-12-18
4702,688146,中船特气,2025-12-18
4703,688147,微导纳米,2025-12-18
4704,688148,芳源股份,2025-12-18
4705,688150,莱特光电,2025-12-18
4706,688151,华强科技,2025-12-18
4707,688152,麒麟信安,2025-12-18
4708,688153,唯捷创芯,2025-12-18
4709,688155,先惠技术,2025-12-18
4710,688156,路德科技,2025-12-18
4711,688157,松井股份,2025-12-18
4712,688158,优刻得,2025-12-18
4713,688159,有方科技,2025-12-18
4714,688160,步科股份,2025-12-18
4715,688161,威高骨科,2025-12-18
4716,688162,巨一科技,2025-12-18
4717,688163,赛伦生物,2025-12-18
4718,688165,埃夫特,2025-12-18
4719,688166,博瑞医药,2025-12-18
4720,688167,炬光科技,2025-12-18
4721,688168,安博通,2025-12-18
4722,688169,石头科技,2025-12-18
4723,688170,德龙激光,2025-12-18
4724,688171,纬德信息,2025-12-18
4725,688172,燕东微,2025-12-18
4726,688173,希荻微,2025-12-18
4727,688175,高凌信息,2025-12-18
4728,688176,亚虹医药,2025-12-18
4729,688177,百奥泰,2025-12-18
4730,688178,万德斯,2025-12-18
4731,688179,阿拉丁,2025-12-18
4732,688180,君实生物,2025-12-18
4733,688181,八亿时空,2025-12-18
4734,688182,灿勤科技,2025-12-18
4735,688183,生益电子,2025-12-18
4736,688184,ST帕瓦,2025-12-18
4737,688185,康希诺,2025-12-18
4738,688186,广大特材,2025-12-18
4739,688187,时代电气,2025-12-18
4740,688188,柏楚电子,2025-12-18
4741,688189,南新制药,2025-12-18
4742,688190,云路股份,2025-12-18
4743,688191,智洋创新,2025-12-18
4744,688192,迪哲医药,2025-12-18
4745,688193,仁度生物,2025-12-18
4746,688195,腾景科技,2025-12-18
4747,688196,卓越新能,2025-12-18
4748,688197,首药控股,2025-12-18
4749,688198,佰仁医疗,2025-12-18
4750,688199,久日新材,2025-12-18
4751,688200,华峰测控,2025-12-18
4752,688201,信安世纪,2025-12-18
4753,688202,美迪西,2025-12-18
4754,688203,海正生材,2025-12-18
4755,688205,德科立,2025-12-18
4756,688206,概伦电子,2025-12-18
4757,688207,格灵深瞳,2025-12-18
4758,688208,道通科技,2025-12-18
4759,688209,英集芯,2025-12-18
4760,688210,统联精密,2025-12-18
4761,688211,中科微至,2025-12-18
4762,688212,澳华内镜,2025-12-18
4763,688213,思特威,2025-12-18
4764,688215,瑞晟智能,2025-12-18
4765,688216,气派科技,2025-12-18
4766,688217,睿昂基因,2025-12-18
4767,688218,江苏北人,2025-12-18
4768,688219,会通股份,2025-12-18
4769,688220,翱捷科技,2025-12-18
4770,688221,前沿生物,2025-12-18
4771,688222,成都先导,2025-12-18
4772,688223,晶科能源,2025-12-18
4773,688225,亚信安全,2025-12-18
4774,688226,威腾电气,2025-12-18
4775,688227,品高股份,2025-12-18
4776,688228,开普云,2025-12-18
4777,688229,博睿数据,2025-12-18
4778,688230,芯导科技,2025-12-18
4779,688231,隆达股份,2025-12-18
4780,688232,新点软件,2025-12-18
4781,688233,神工股份,2025-12-18
4782,688234,天岳先进,2025-12-18
4783,688235,百济神州,2025-12-18
4784,688236,春立医疗,2025-12-18
4785,688237,超卓航科,2025-12-18
4786,688238,和元生物,2025-12-18
4787,688239,航宇科技,2025-12-18
4788,688244,永信至诚,2025-12-18
4789,688246,嘉和美康,2025-12-18
4790,688247,宣泰医药,2025-12-18
4791,688248,南网科技,2025-12-18
4792,688249,晶合集成,2025-12-18
4793,688251,井松智能,2025-12-18
4794,688252,天德钰,2025-12-18
4795,688253,英诺特,2025-12-18
4796,688255,凯尔达,2025-12-18
4797,688256,寒武纪,2025-12-18
4798,688257,新锐股份,2025-12-18
4799,688258,卓易信息,2025-12-18
4800,688259,创耀科技,2025-12-18
4801,688260,昀冢科技,2025-12-18
4802,688261,东微半导,2025-12-18
4803,688262,国芯科技,2025-12-18
4804,688265,南模生物,2025-12-18
4805,688266,泽璟制药,2025-12-18
4806,688267,中触媒,2025-12-18
4807,688268,华特气体,2025-12-18
4808,688269,凯立新材,2025-12-18
4809,688270,臻镭科技,2025-12-18
4810,688271,联影医疗,2025-12-18
4811,688272,富吉瑞,2025-12-18
4812,688273,麦澜德,2025-12-18
4813,688275,万润新能,2025-12-18
4814,688276,百克生物,2025-12-18
4815,688277,天智航,2025-12-18
4816,688278,特宝生物,2025-12-18
4817,688279,峰岹科技,2025-12-18
4818,688280,精进电动,2025-12-18
4819,688281,华秦科技,2025-12-18
4820,688282,理工导航,2025-12-18
4821,688283,坤恒顺维,2025-12-18
4822,688285,高铁电气,2025-12-18
4823,688286,敏芯股份,2025-12-18
4824,688287,*ST观典,2025-12-18
4825,688288,鸿泉技术,2025-12-18
4826,688289,圣湘生物,2025-12-18
4827,688290,景业智能,2025-12-18
4828,688291,金橙子,2025-12-18
4829,688292,浩瀚深度,2025-12-18
4830,688293,奥浦迈,2025-12-18
4831,688295,中复神鹰,2025-12-18
4832,688296,和达科技,2025-12-18
4833,688297,中无人机,2025-12-18
4834,688298,东方生物,2025-12-18
4835,688299,长阳科技,2025-12-18
4836,688300,联瑞新材,2025-12-18
4837,688301,奕瑞科技,2025-12-18
4838,688302,海创药业,2025-12-18
4839,688303,大全能源,2025-12-18
4840,688305,科德数控,2025-12-18
4841,688306,均普智能,2025-12-18
4842,688307,中润光学,2025-12-18
4843,688308,欧科亿,2025-12-18
4844,688309,恒誉环保,2025-12-18
4845,688310,迈得医疗,2025-12-18
4846,688311,盟升电子,2025-12-18
4847,688312,燕麦科技,2025-12-18
4848,688313,仕佳光子,2025-12-18
4849,688314,康拓医疗,2025-12-18
4850,688315,诺禾致源,2025-12-18
4851,688316,青云科技,2025-12-18
4852,688317,之江生物,2025-12-18
4853,688318,财富趋势,2025-12-18
4854,688319,欧林生物,2025-12-18
4855,688320,禾川科技,2025-12-18
4856,688321,微芯生物,2025-12-18
4857,688322,奥比中光,2025-12-18
4858,688323,瑞华泰,2025-12-18
4859,688325,赛微微电,2025-12-18
4860,688326,经纬恒润,2025-12-18
4861,688327,云从科技,2025-12-18
4862,688328,深科达,2025-12-18
4863,688329,艾隆科技,2025-12-18
4864,688330,宏力达,2025-12-18
4865,688331,荣昌生物,2025-12-18
4866,688332,中科蓝讯,2025-12-18
4867,688333,铂力特,2025-12-18
4868,688334,西高院,2025-12-18
4869,688335,复洁科技,2025-12-18
4870,688336,三生国健,2025-12-18
4871,688337,普源精电,2025-12-18
4872,688338,赛科希德,2025-12-18
4873,688339,亿华通,2025-12-18
4874,688343,云天励飞,2025-12-18
4875,688345,博力威,2025-12-18
4876,688347,华虹公司,2025-12-18
4877,688348,昱能科技,2025-12-18
4878,688349,三一重能,2025-12-18
4879,688350,富淼科技,2025-12-18
4880,688351,微电生理,2025-12-18
4881,688352,颀中科技,2025-12-18
4882,688353,华盛锂电,2025-12-18
4883,688355,明志科技,2025-12-18
4884,688356,键凯科技,2025-12-18
4885,688357,建龙微纳,2025-12-18
4886,688358,祥生医疗,2025-12-18
4887,688359,三孚新科,2025-12-18
4888,688360,德马科技,2025-12-18
4889,688361,中科飞测,2025-12-18
4890,688362,甬矽电子,2025-12-18
4891,688363,华熙生物,2025-12-18
4892,688365,光云科技,2025-12-18
4893,688366,昊海生科,2025-12-18
4894,688367,工大高科,2025-12-18
4895,688368,晶丰明源,2025-12-18
4896,688369,致远互联,2025-12-18
4897,688370,丛麟科技,2025-12-18
4898,688371,菲沃泰,2025-12-18
4899,688372,伟测科技,2025-12-18
4900,688373,盟科药业,2025-12-18
4901,688375,国博电子,2025-12-18
4902,688376,美埃科技,2025-12-18
4903,688377,迪威尔,2025-12-18
4904,688378,奥来德,2025-12-18
4905,688379,华光新材,2025-12-18
4906,688380,中微半导,2025-12-18
4907,688381,帝奥微,2025-12-18
4908,688382,益方生物,2025-12-18
4909,688383,新益昌,2025-12-18
4910,688385,复旦微电,2025-12-18
4911,688386,泛亚微透,2025-12-18
4912,688387,信科移动,2025-12-18
4913,688388,嘉元科技,2025-12-18
4914,688389,普门科技,2025-12-18
4915,688390,固德威,2025-12-18
4916,688391,钜泉科技,2025-12-18
4917,688392,骄成超声,2025-12-18
4918,688393,安必平,2025-12-18
4919,688395,正弦电气,2025-12-18
4920,688396,华润微,2025-12-18
4921,688398,赛特新材,2025-12-18
4922,688399,硕世生物,2025-12-18
4923,688400,凌云光,2025-12-18
4924,688401,路维光电,2025-12-18
4925,688403,汇成股份,2025-12-18
4926,688408,中信博,2025-12-18
4927,688409,富创精密,2025-12-18
4928,688410,山外山,2025-12-18
4929,688411,海博思创,2025-12-18
4930,688416,恒烁股份,2025-12-18
4931,688418,震有科技,2025-12-18
4932,688419,耐科装备,2025-12-18
4933,688420,美腾科技,2025-12-18
4934,688425,铁建重工,2025-12-18
4935,688426,康为世纪,2025-12-18
4936,688428,诺诚健华,2025-12-18
4937,688429,时创能源,2025-12-18
4938,688432,有研硅,2025-12-18
4939,688433,华曙高科,2025-12-18
4940,688435,英方软件,2025-12-18
4941,688439,振华风光,2025-12-18
4942,688443,智翔金泰,2025-12-18
4943,688448,磁谷科技,2025-12-18
4944,688449,联芸科技,2025-12-18
4945,688450,光格科技,2025-12-18
4946,688455,科捷智能,2025-12-18
4947,688456,有研粉材,2025-12-18
4948,688458,美芯晟,2025-12-18
4949,688459,哈铁科技,2025-12-18
4950,688466,金科环境,2025-12-18
4951,688468,科美诊断,2025-12-18
4952,688469,芯联集成,2025-12-18
4953,688472,阿特斯,2025-12-18
4954,688475,萤石网络,2025-12-18
4955,688478,晶升股份,2025-12-18
4956,688479,友车科技,2025-12-18
4957,688480,赛恩斯,2025-12-18
4958,688484,南芯科技,2025-12-18
4959,688485,九州一轨,2025-12-18
4960,688486,龙迅股份,2025-12-18
4961,688488,艾迪药业,2025-12-18
4962,688489,三未信安,2025-12-18
4963,688496,清越科技,2025-12-18
4964,688498,源杰科技,2025-12-18
4965,688499,利元亨,2025-12-18
4966,688500,慧辰股份,2025-12-18
4967,688501,青达环保,2025-12-18
4968,688502,茂莱光学,2025-12-18
4969,688503,聚和材料,2025-12-18
4970,688505,复旦张江,2025-12-18
4971,688506,百利天恒,2025-12-18
4972,688507,索辰科技,2025-12-18
4973,688508,芯朋微,2025-12-18
4974,688509,正元地信,2025-12-18
4975,688510,航亚科技,2025-12-18
4976,688511,*ST天微,2025-12-18
4977,688512,慧智微,2025-12-18
4978,688513,苑东生物,2025-12-18
4979,688515,裕太微,2025-12-18
4980,688516,奥特维,2025-12-18
4981,688517,金冠电气,2025-12-18
4982,688518,联赢激光,2025-12-18
4983,688519,南亚新材,2025-12-18
4984,688520,神州细胞,2025-12-18
4985,688521,芯原股份,2025-12-18
4986,688522,纳睿雷达,2025-12-18
4987,688523,航天环宇,2025-12-18
4988,688525,佰维存储,2025-12-18
4989,688526,科前生物,2025-12-18
4990,688528,秦川物联,2025-12-18
4991,688529,豪森智能,2025-12-18
4992,688530,欧莱新材,2025-12-18
4993,688531,日联科技,2025-12-18
4994,688533,上声电子,2025-12-18
4995,688535,华海诚科,2025-12-18
4996,688536,思瑞浦,2025-12-18
4997,688538,和辉光电,2025-12-18
4998,688539,高华科技,2025-12-18
4999,688543,国科军工,2025-12-18
5000,688545,兴福电子,2025-12-18
5001,688548,广钢气体,2025-12-18
5002,688549,中巨芯,2025-12-18
5003,688550,瑞联新材,2025-12-18
5004,688551,科威尔,2025-12-18
5005,688552,航天南湖,2025-12-18
5006,688553,汇宇制药,2025-12-18
5007,688556,高测股份,2025-12-18
5008,688557,兰剑智能,2025-12-18
5009,688558,国盛智科,2025-12-18
5010,688559,海目星,2025-12-18
5011,688560,明冠新材,2025-12-18
5012,688561,奇安信,2025-12-18
5013,688562,航天软件,2025-12-18
5014,688563,航材股份,2025-12-18
5015,688565,力源科技,2025-12-18
5016,688566,吉贝尔,2025-12-18
5017,688567,孚能科技,2025-12-18
5018,688568,中科星图,2025-12-18
5019,688569,铁科轨道,2025-12-18
5020,688570,天玛智控,2025-12-18
5021,688571,杭华股份,2025-12-18
5022,688573,信宇人,2025-12-18
5023,688575,亚辉龙,2025-12-18
5024,688576,西山科技,2025-12-18
5025,688577,浙海德曼,2025-12-18
5026,688578,艾力斯,2025-12-18
5027,688579,山大地纬,2025-12-18
5028,688580,伟思医疗,2025-12-18
5029,688581,安杰思,2025-12-18
5030,688582,芯动联科,2025-12-18
5031,688583,思看科技,2025-12-18
5032,688584,上海合晶,2025-12-18
5033,688585,上纬新材,2025-12-18
5034,688586,江航装备,2025-12-18
5035,688588,凌志软件,2025-12-18
5036,688589,力合微,2025-12-18
5037,688590,新致软件,2025-12-18
5038,688591,泰凌微,2025-12-18
5039,688592,司南导航,2025-12-18
5040,688593,新相微,2025-12-18
5041,688595,芯海科技,2025-12-18
5042,688596,正帆科技,2025-12-18
5043,688597,煜邦电力,2025-12-18
5044,688598,金博股份,2025-12-18
5045,688599,天合光能,2025-12-18
5046,688600,皖仪科技,2025-12-18
5047,688601,力芯微,2025-12-18
5048,688602,康鹏科技,2025-12-18
5049,688603,天承科技,2025-12-18
5050,688605,先锋精科,2025-12-18
5051,688606,奥泰生物,2025-12-18
5052,688607,康众医疗,2025-12-18
5053,688608,恒玄科技,2025-12-18
5054,688609,九联科技,2025-12-18
5055,688610,埃科光电,2025-12-18
5056,688611,杭州柯林,2025-12-18
5057,688612,威迈斯,2025-12-18
5058,688613,奥精医疗,2025-12-18
5059,688615,合合信息,2025-12-18
5060,688616,西力科技,2025-12-18
5061,688617,惠泰医疗,2025-12-18
5062,688618,三旺通信,2025-12-18
5063,688619,罗普特,2025-12-18
5064,688620,安凯微,2025-12-18
5065,688621,阳光诺和,2025-12-18
5066,688622,禾信仪器,2025-12-18
5067,688623,双元科技,2025-12-18
5068,688625,呈和科技,2025-12-18
5069,688626,翔宇医疗,2025-12-18
5070,688627,精智达,2025-12-18
5071,688628,优利德,2025-12-18
5072,688629,华丰科技,2025-12-18
5073,688630,芯碁微装,2025-12-18
5074,688631,莱斯信息,2025-12-18
5075,688633,星球石墨,2025-12-18
5076,688636,智明达,2025-12-18
5077,688638,誉辰智能,2025-12-18
5078,688639,华恒生物,2025-12-18
5079,688646,ST逸飞,2025-12-18
5080,688648,中邮科技,2025-12-18
5081,688651,盛邦安全,2025-12-18
5082,688652,京仪装备,2025-12-18
5083,688653,康希通信,2025-12-18
5084,688655,迅捷兴,2025-12-18
5085,688656,浩欧博,2025-12-18
5086,688657,浩辰软件,2025-12-18
5087,688658,悦康药业,2025-12-18
5088,688659,元琛科技,2025-12-18
5089,688660,电气风电,2025-12-18
5090,688661,和林微纳,2025-12-18
5091,688662,富信科技,2025-12-18
5092,688663,新风光,2025-12-18
5093,688665,四方光电,2025-12-18
5094,688667,菱电电控,2025-12-18
5095,688668,鼎通科技,2025-12-18
5096,688669,聚石化学,2025-12-18
5097,688670,金迪克,2025-12-18
5098,688671,碧兴物联,2025-12-18
5099,688676,金盘科技,2025-12-18
5100,688677,海泰新光,2025-12-18
5101,688678,福立旺,2025-12-18
5102,688679,通源环境,2025-12-18
5103,688680,海优新材,2025-12-18
5104,688681,科汇股份,2025-12-18
5105,688682,霍莱沃,2025-12-18
5106,688683,莱尔科技,2025-12-18
5107,688685,迈信林,2025-12-18
5108,688686,奥普特,2025-12-18
5109,688687,凯因科技,2025-12-18
5110,688689,银河微电,2025-12-18
5111,688690,纳微科技,2025-12-18
5112,688691,灿芯股份,2025-12-18
5113,688692,达梦数据,2025-12-18
5114,688693,锴威特,2025-12-18
5115,688695,中创股份,2025-12-18
5116,688696,极米科技,2025-12-18
5117,688697,纽威数控,2025-12-18
5118,688698,伟创电气,2025-12-18
5119,688699,明微电子,2025-12-18
5120,688700,东威科技,2025-12-18
5121,688701,卓锦股份,2025-12-18
5122,688702,盛科通信,2025-12-18
5123,688707,振华新材,2025-12-18
5124,688708,佳驰科技,2025-12-18
5125,688709,成都华微,2025-12-18
5126,688710,益诺思,2025-12-18
5127,688711,宏微科技,2025-12-18
5128,688716,中研股份,2025-12-18
5129,688717,艾罗能源,2025-12-18
5130,688718,唯赛勃,2025-12-18
5131,688719,爱科赛博,2025-12-18
5132,688720,艾森股份,2025-12-18
5133,688721,龙图光罩,2025-12-18
5134,688722,同益中,2025-12-18
5135,688726,拉普拉斯,2025-12-18
5136,688727,恒坤新材,2025-12-18
5137,688728,格科微,2025-12-18
5138,688729,屹唐股份,2025-12-18
5139,688733,壹石通,2025-12-18
5140,688737,中自科技,2025-12-18
5141,688739,成大生物,2025-12-18
5142,688750,金天钛业,2025-12-18
5143,688755,汉邦科技,2025-12-18
5144,688757,胜科纳米,2025-12-18
5145,688758,赛分科技,2025-12-18
5146,688759,必贝特,2025-12-18
5147,688765,禾元生物,2025-12-18
5148,688766,普冉股份,2025-12-18
5149,688767,博拓生物,2025-12-18
5150,688768,容知日新,2025-12-18
5151,688772,珠海冠宇,2025-12-18
5152,688775,影石创新,2025-12-18
5153,688776,国光电气,2025-12-18
5154,688777,中控技术,2025-12-18
5155,688778,厦钨新能,2025-12-18
5156,688779,五矿新能,2025-12-18
5157,688783,西安奕材,2025-12-18
5158,688786,悦安新材,2025-12-18
5159,688787,海天瑞声,2025-12-18
5160,688788,科思科技,2025-12-18
5161,688789,宏华数科,2025-12-18
5162,688790,C昂瑞,2025-12-18
5163,688793,倍轻松,2025-12-18
5164,688795,摩尔线程,2025-12-18
5165,688796,百奥赛图,2025-12-18
5166,688798,艾为电子,2025-12-18
5167,688799,华纳药厂,2025-12-18
5168,688800,瑞可达,2025-12-18
5169,688802,N沐曦,2025-12-18
5170,688819,天能股份,2025-12-18
5171,688981,中芯国际,2025-12-18
5172,689009,九号公司,2025-12-18
5173,920000,安徽凤凰,2025-12-18
5174,920001,纬达光电,2025-12-18
5175,920002,万达轴承,2025-12-18
5176,920003,中诚咨询,2025-12-18
5177,920005,鼎佳精密,2025-12-18
5178,920006,晟楠科技,2025-12-18
5179,920007,酉立智能,2025-12-18
5180,920008,成电光信,2025-12-18
5181,920009,丹娜生物,2025-12-18
5182,920010,凯添燃气,2025-12-18
5183,920014,特瑞斯,2025-12-18
5184,920015,锦华新材,2025-12-18
5185,920016,中草香料,2025-12-18
5186,920017,星昊医药,2025-12-18
5187,920018,宏远股份,2025-12-18
5188,920019,铜冠矿建,2025-12-18
5189,920020,泰凯英,2025-12-18
5190,920021,流金科技,2025-12-18
5191,920022,世昌股份,2025-12-18
5192,920023,田野股份,2025-12-18
5193,920026,卓兆点胶,2025-12-18
5194,920027,交大铁发,2025-12-18
5195,920029,开发科技,2025-12-18
5196,920030,德众汽车,2025-12-18
5197,920033,康普化学,2025-12-18
5198,920035,精创电气,2025-12-18
5199,920037,广信科技,2025-12-18
5200,920039,国义招标,2025-12-18
5201,920046,亿能电力,2025-12-18
5202,920047,诺思兰德,2025-12-18
5203,920056,能之光,2025-12-18
5204,920057,百甲科技,2025-12-18
5205,920058,华洋赛车,2025-12-18
5206,920060,万源通,2025-12-18
5207,920061,西磁科技,2025-12-18
5208,920062,科润智控,2025-12-18
5209,920066,科拜尔,2025-12-18
5210,920068,天工股份,2025-12-18
5211,920075,柏星龙,2025-12-18
5212,920077,吉林碳谷,2025-12-18
5213,920080,奥美森,2025-12-18
5214,920082,方正阀门,2025-12-18
5215,920087,秋乐种业,2025-12-18
5216,920088,科力股份,2025-12-18
5217,920089,禾昌聚合,2025-12-18
5218,920090,同辉信息,2025-12-18
5219,920091,大鹏工业,2025-12-18
5220,920092,汉鑫科技,2025-12-18
5221,920098,科隆新材,2025-12-18
5222,920099,瑞华技术,2025-12-18
5223,920100,三协电机,2025-12-18
5224,920101,志高机械,2025-12-18
5225,920106,林泰新材,2025-12-18
5226,920108,宏海科技,2025-12-18
5227,920110,雷特科技,2025-12-18
5228,920111,聚星科技,2025-12-18
5229,920112,巴兰仕,2025-12-18
5230,920116,星图测控,2025-12-18
5231,920118,太湖远大,2025-12-18
5232,920122,中纺标,2025-12-18
5233,920123,芭薇股份,2025-12-18
5234,920124,南特科技,2025-12-18
5235,920128,胜业电气,2025-12-18
5236,920130,立方控股,2025-12-18
5237,920132,泰鹏智能,2025-12-18
5238,920139,华岭股份,2025-12-18
5239,920145,恒合股份,2025-12-18
5240,920146,华阳变速,2025-12-18
5241,920149,旭杰科技,2025-12-18
5242,920152,昆工科技,2025-12-18
5243,920158,长江能科,2025-12-18
5244,920160,北矿检测,2025-12-18
5245,920163,方大新材,2025-12-18
5246,920167,同享科技,2025-12-18
5247,920169,七丰精工,2025-12-18
5248,920171,志晟信息,2025-12-18
5249,920174,五新隧装,2025-12-18
5250,920175,东方碳素,2025-12-18
5251,920179,凯德石英,2025-12-18
5252,920184,国源科技,2025-12-18
5253,920185,贝特瑞,2025-12-18
5254,920190,雷神科技,2025-12-18
5255,920195,三祥科技,2025-12-18
5256,920198,微创光电,2025-12-18
5257,920199,倍益康,2025-12-18
5258,920204,沪江材料,2025-12-18
5259,920207,众诚科技,2025-12-18
5260,920208,青矩技术,2025-12-18
5261,920212,智新电子,2025-12-18
5262,920221,易实精密,2025-12-18
5263,920223,荣亿精密,2025-12-18
5264,920225,利通科技,2025-12-18
5265,920227,美登科技,2025-12-18
5266,920230,欧康医药,2025-12-18
5267,920237,力佳科技,2025-12-18
5268,920239,长虹能源,2025-12-18
5269,920242,建邦科技,2025-12-18
5270,920245,威博液压,2025-12-18
5271,920247,华密新材,2025-12-18
5272,920249,利尔达,2025-12-18
5273,920252,天宏锂电,2025-12-18
5274,920260,中寰股份,2025-12-18
5275,920261,一诺威,2025-12-18
5276,920262,太湖雪,2025-12-18
5277,920263,中航泰达,2025-12-18
5278,920266,生物谷,2025-12-18
5279,920267,鑫汇科,2025-12-18
5280,920270,天铭科技,2025-12-18
5281,920271,邦德股份,2025-12-18
5282,920273,一致魔芋,2025-12-18
5283,920274,宏裕包材,2025-12-18
5284,920275,驱动力,2025-12-18
5285,920278,鹿得医疗,2025-12-18
5286,920284,灵鸽科技,2025-12-18
5287,920299,灿能电力,2025-12-18
5288,920300,辰光医疗,2025-12-18
5289,920304,迪尔化工,2025-12-18
5290,920305,*ST云创,2025-12-18
5291,920339,恒太照明,2025-12-18
5292,920344,三元基因,2025-12-18
5293,920346,威贸电子,2025-12-18
5294,920351,华光源海,2025-12-18
5295,920357,雅葆轩,2025-12-18
5296,920363,莱赛激光,2025-12-18
5297,920367,新赣江,2025-12-18
5298,920368,连城数控,2025-12-18
5299,920370,新安洁,2025-12-18
5300,920371,欧福蛋业,2025-12-18
5301,920374,云里物里,2025-12-18
5302,920375,派诺科技,2025-12-18
5303,920378,泰德股份,2025-12-18
5304,920392,佳合科技,2025-12-18
5305,920394,民士达,2025-12-18
5306,920395,朗鸿科技,2025-12-18
5307,920396,常辅股份,2025-12-18
5308,920402,硅烷科技,2025-12-18
5309,920403,康农种业,2025-12-18
5310,920405,海希通讯,2025-12-18
5311,920407,驰诚股份,2025-12-18
5312,920414,欧普泰,2025-12-18
5313,920415,恒拓开源,2025-12-18
5314,920418,苏轴股份,2025-12-18
5315,920419,路斯股份,2025-12-18
5316,920422,润普食品,2025-12-18
5317,920425,乐创技术,2025-12-18
5318,920427,华维设计,2025-12-18
5319,920429,康比特,2025-12-18
5320,920433,大唐药业,2025-12-18
5321,920436,大地电气,2025-12-18
5322,920438,戈碧迦,2025-12-18
5323,920445,龙竹科技,2025-12-18
5324,920454,同心传动,2025-12-18
5325,920455,汇隆活塞,2025-12-18
5326,920469,富恒新材,2025-12-18
5327,920471,美邦科技,2025-12-18
5328,920475,三友科技,2025-12-18
5329,920476,海能技术,2025-12-18
5330,920478,峆一药业,2025-12-18
5331,920489,佳先股份,2025-12-18
5332,920491,奥迪威,2025-12-18
5333,920493,并行科技,2025-12-18
5334,920496,许昌智能,2025-12-18
5335,920504,博迅生物,2025-12-18
5336,920505,九菱科技,2025-12-18
5337,920508,殷图网联,2025-12-18
5338,920509,同惠电子,2025-12-18
5339,920510,丰光精密,2025-12-18
5340,920519,万德股份,2025-12-18
5341,920522,纳科诺尔,2025-12-18
5342,920523,德瑞锂电,2025-12-18
5343,920526,凯华材料,2025-12-18
5344,920527,夜光明,2025-12-18
5345,920533,骏创科技,2025-12-18
5346,920541,铁大科技,2025-12-18
5347,920547,无锡晶海,2025-12-18
5348,920553,凯腾精工,2025-12-18
5349,920556,雅达股份,2025-12-18
5350,920564,天润科技,2025-12-18
5351,920566,梓橦宫,2025-12-18
5352,920570,坤博精工,2025-12-18
5353,920571,国航远洋,2025-12-18
5354,920575,康乐卫士,2025-12-18
5355,920576,天力复合,2025-12-18
5356,920578,巨能股份,2025-12-18
5357,920579,机科股份,2025-12-18
5358,920580,科创新材,2025-12-18
5359,920592,华信永道,2025-12-18
5360,920593,鼎智科技,2025-12-18
5361,920599,同力股份,2025-12-18
5362,920608,丰安股份,2025-12-18
5363,920627,力王股份,2025-12-18
5364,920634,新威凌,2025-12-18
5365,920639,晨光电缆,2025-12-18
5366,920640,富士达,2025-12-18
5367,920641,格利尔,2025-12-18
5368,920642,通易航天,2025-12-18
5369,920651,天罡股份,2025-12-18
5370,920656,海昇药业,2025-12-18
5371,920662,方盛股份,2025-12-18
5372,920663,明阳科技,2025-12-18
5373,920665,科强股份,2025-12-18
5374,920670,数字人,2025-12-18
5375,920675,秉扬科技,2025-12-18
5376,920679,前进科技,2025-12-18
5377,920680,广道退,2025-12-18
5378,920682,球冠电缆,2025-12-18
5379,920685,新芝生物,2025-12-18
5380,920689,克莱特,2025-12-18
5381,920690,捷众科技,2025-12-18
5382,920693,阿为特,2025-12-18
5383,920694,中裕科技,2025-12-18
5384,920699,海达尔,2025-12-18
5385,920701,豪声电子,2025-12-18
5386,920703,广厦环能,2025-12-18
5387,920706,铁拓机械,2025-12-18
5388,920717,瑞星股份,2025-12-18
5389,920718,合肥高科,2025-12-18
5390,920719,宁新新材,2025-12-18
5391,920720,吉冈精密,2025-12-18
5392,920725,惠丰钻石,2025-12-18
5393,920726,朱老六,2025-12-18
5394,920729,永顺生物,2025-12-18
5395,920735,德源药业,2025-12-18
5396,920748,路桥信息,2025-12-18
5397,920751,惠同新材,2025-12-18
5398,920753,天纺标,2025-12-18
5399,920765,美之高,2025-12-18
5400,920768,拾比佰,2025-12-18
5401,920770,艾能聚,2025-12-18
5402,920779,武汉蓝电,2025-12-18
5403,920781,瑞奇智造,2025-12-18
5404,920786,骑士乳业,2025-12-18
5405,920790,联迪信息,2025-12-18
5406,920792,东和新材,2025-12-18
5407,920799,艾融软件,2025-12-18
5408,920802,保丽洁,2025-12-18
5409,920806,云星宇,2025-12-18
5410,920807,奔朗新材,2025-12-18
5411,920808,曙光数创,2025-12-18
5412,920809,安达科技,2025-12-18
5413,920810,春光智能,2025-12-18
5414,920819,颖泰生物,2025-12-18
5415,920821,则成电子,2025-12-18
5416,920826,盖世食品,2025-12-18
5417,920832,齐鲁华信,2025-12-18
5418,920833,美心翼申,2025-12-18
5419,920834,三维装备,2025-12-18
5420,920837,华原股份,2025-12-18
5421,920839,万通液压,2025-12-18
5422,920855,浙江大农,2025-12-18
5423,920856,浩淼科技,2025-12-18
5424,920857,泓禧科技,2025-12-18
5425,920866,绿亨科技,2025-12-18
5426,920870,恒进感应,2025-12-18
5427,920871,派特尔,2025-12-18
5428,920873,中设咨询,2025-12-18
5429,920876,慧为智能,2025-12-18
5430,920879,基康技术,2025-12-18
5431,920885,星辰科技,2025-12-18
5432,920892,广咨国际,2025-12-18
5433,920895,花溪科技,2025-12-18
5434,920896,旺成科技,2025-12-18
5435,920906,舜宇精工,2025-12-18
5436,920914,远航精密,2025-12-18
5437,920924,广脉科技,2025-12-18
5438,920925,锦好医疗,2025-12-18
5439,920926,鸿智科技,2025-12-18
5440,920931,无锡鼎邦,2025-12-18
5441,920932,科达自控,2025-12-18
5442,920942,恒立钻具,2025-12-18
5443,920943,优机股份,2025-12-18
5444,920946,森萱医药,2025-12-18
5445,920950,迅安科技,2025-12-18
5446,920953,国子软件,2025-12-18
5447,920957,汉维科技,2025-12-18
5448,920961,创远信科,2025-12-18
5449,920964,润农节水,2025-12-18
5450,920970,大禹生物,2025-12-18
5451,920971,天马新材,2025-12-18
5452,920974,凯大催化,2025-12-18
5453,920976,视声智能,2025-12-18
5454,920978,开特股份,2025-12-18
5455,920981,晶赛科技,2025-12-18
5456,920982,锦波生物,2025-12-18
5457,920985,海泰新能,2025-12-18
5458,920992,中科美菱,2025-12-18
